  Energy  39.57K_10T  39.59K_7T  39.575K_5T  39.59K_3T  19.29K_10T  19.295K_7T  19.3K_5T  19.31K_3T  9.775K_10T  9.78K_7T  9.795K_5T   9.8K_3T  4.995K_10T  5.02K_7T  5.055K_5T  5.04K_3T  2.68K_10T  2.62K_7T  2.64K_5T  2.63K_3T
 9099.18      0.9635    -2.1060      6.1561    -6.0633    -10.2410     -5.9073    0.5020    -0.8823     -6.4139   -4.7711    -1.9698   -1.8457    -13.4889   -6.3668     3.8660   -6.4981     2.1813   -0.5798   -2.7434  -19.5545
 9107.47      2.0072    -3.0694     -3.8982     0.0707    -16.2784     -6.0412   -3.7938    -6.1178      2.3499   -5.5740    -3.3790    0.1245     -5.2417    2.0574     3.4735   -8.1248    -8.8898   -2.7683   -1.7233  -11.7313
 9115.77      3.5471    -1.1085     -0.6519   -10.0125     -0.8385     -2.9092   -5.6623   -10.7412     -7.2532   -6.1437     6.1457    0.1126    -12.5766    2.4127     3.6463   -2.4169   -12.9356    7.7937    2.8168   -7.9145
 9124.09     -5.6158    -0.5208    -11.3168     1.7608     -2.7421     -3.4870   -3.7029     0.9747     -5.8337   10.1754    -3.6896  -19.0132      3.4426    0.2885     3.7539   -8.3747    -1.8525    2.4911    4.7152    4.2648
 9132.42     -5.1389    -1.9761      3.5977    -4.3264      9.3662     -1.4339   -3.7575    -6.7344     -7.5417    3.0805    -5.8281    0.9148      0.3146   -6.0773    -6.7048    1.6476    -1.9348  -11.7769   -3.4820   -5.6383
 9140.77     -7.7313    -5.5559    -10.0147     2.5412     -8.4609     10.0989   -6.5881     8.8931     -7.6455   -2.0245    -4.3707   -1.5142      1.0212    1.1220    -3.5620    3.1490    -9.4262    4.2196   -9.6640    2.4295
 9149.13      4.3576    10.6902      3.6138     3.2067     -6.8358     -2.1676   -4.2366     1.0737     -3.6491    2.5629     9.0594    1.9170     -1.9962    0.6701     6.1026  -11.9526    -0.5057    0.2016    3.2180   -1.2761
 9157.51     -2.7839     1.8548      4.5530     1.9482     -6.4458     -2.6226    1.6174    -0.6371     -0.8340   -3.6104   -12.7355   -1.4009      9.3939    1.2218     2.1746    4.8927    -6.1560   -4.3008    8.2462    6.5398
 9165.90     -0.9274    -2.2261     12.1401    -2.3605     -7.4135     -3.7732    6.1937     7.6941     -2.3439   -0.8004     2.5802   -2.7805     -8.6679   -5.8229    -4.1578   -6.0961    -2.8596  -10.5923   14.6705    0.8954
 9174.31      1.4661     5.0485     -0.9046     4.3580     -4.8403      0.9015   -8.0673    -0.5425     -0.5530   -6.7503    -7.8693   -2.1927     -0.1983    1.8005    -5.8930   -0.0359   -12.5021   -6.3871   -3.3895    0.3842
 9182.74     -0.5780    -1.6725      7.9910    -1.5324     15.0813    -15.5510    2.1672     5.5891      0.7061   -5.2385    -7.8769    4.7443     -3.9574  -13.1194   -16.0688   -1.0078    -3.0804    0.8319   -2.9254    8.8783
 9191.18     -5.2619     5.6584      9.7298     0.3337     -9.5735      2.5213    2.1469    -1.3123     -9.7736   -4.2195    -5.7015   -0.5111    -11.5820    3.0938    -0.6300    1.9994     1.3234    1.2529    4.6553   -4.7365
 9199.63    -14.2176    -2.1036     -2.3498    -9.3620      5.0684    -11.0182    2.8806    -2.9998     -6.2312   -1.2103     1.0162    2.3674     -1.3316  -14.4701    -7.3008    5.3644    -5.2422   -5.9382    0.7276   -0.6532
 9208.10      8.2222    -2.2803     -5.6029     1.1128      2.3638      1.7836    4.2685    -0.0241    -10.9167   -2.0545    -3.1768    4.7979     -8.5162  -11.1054     8.2082  -10.4211    -8.6341   -0.7177   -7.1193    5.4101
 9216.59      0.8361    -7.7590      1.5314     3.2403     -8.7973     -8.6674   13.8223     2.7556     -2.3592   -1.6275    -4.7557    2.9155      0.7146    3.9693    -7.7382    0.6622     3.6126   -0.5566    1.7447   -5.4196
 9225.09     -1.0963     6.9246     -3.7764    -4.0760     -7.6349      1.8746   -1.3297    -0.1398    -11.5210    8.2196     9.5547   -8.4507      4.8984   -0.0785    -1.6866    0.7671    -9.1321    7.0940    7.2958    2.5578
 9233.61    -13.4691     1.6692     -0.6856     6.7022     -7.8318      3.8360   -5.4795    -1.8383    -11.5514    1.0753     2.0191   -1.6727     -3.0504    0.7308    -5.7802    0.3832     2.5263    3.4028   -0.4942  -13.3018
 9242.14    -10.2414    14.4502      3.8735    -1.5239     -2.3500     -6.6118   -3.4434    -3.6295     -7.8070   -1.6435    -3.9377   10.0774     -9.4984   -5.0776    -0.0975    5.6502    -5.5753   -4.8030   -8.9886   -4.6917
 9250.69     -2.2433     1.7735     -3.7910    -2.4377      5.2476     -1.7530    0.7251    -5.9039     -6.1443   -2.7672     3.9792    6.3910     -6.8500   -0.6556    -7.4823  -10.3397    -5.0204   -3.5873    0.1937    1.8087
 9259.26     -6.8304     7.6161      7.3952     2.3593      3.9099     -6.2334    6.3553    -8.6434     -9.3955   -4.5137    -3.3096   -0.2119     -1.3007    5.6814    -1.4477   -1.9409    -6.9569   -4.3911   -1.7136   -3.1794
 9267.84     -5.4748     2.3117      0.0057    -0.9999     -6.6822     -3.9614   -9.9396    -4.5453     -1.5887    0.7772    -2.7102   -8.2745     -3.4536    2.6993    -2.4657    4.0420    -5.7257   -7.4677   -3.0201  -12.0572
 9276.44     -7.9723    -5.0093     -4.9188    -0.8557      0.7936     -9.5012    4.2557    -6.1700      0.5050   -3.0085     3.5649  -10.4690     -5.8607    3.6711    -4.2738   -0.4971   -10.1596   -4.9230    3.9434   -5.1472
 9285.05    -10.3765     6.4596     -0.5541     1.5750     -2.7051     -0.2855   -9.5021     1.0328     -0.6022    1.7325    -5.0062    5.1316      1.7760   -7.5076     0.6681   -3.8559    -7.4892   -0.3214   -3.5487   -3.1510
 9293.68      3.9693     4.7759     -2.5331     4.5102     -9.9370     -0.4822    5.2374    -3.3453     -2.0884    4.0048     1.9823    0.3146    -17.7627   -1.2704     4.3527   -1.7919    -0.8984   -5.8818   -1.8596    2.9497
 9302.33      0.1174    -2.1265     -7.2396    -6.4718      8.0221     -5.9308   -3.9414     3.2540     -3.8903   -1.5492    -1.8449  -10.5194      1.0503    3.8093    -6.2868   -2.0406    -3.9449    2.1695    1.7391   -5.1905
 9310.99     -1.2916    -0.0452     -4.7843    -7.9264     17.3244     -4.1117  -10.6597     7.0780    -14.3531   -1.2721   -15.5471   -5.3389     -4.9680   -1.4175     4.3434   -2.6237    -9.5811   -8.1305    1.0315   -3.4104
 9319.66     -8.2012    -6.9527     -5.3693    14.2962     -5.8479    -10.2953  -10.4509    -5.6151     -0.3477   -4.1899     4.7982   -7.2889     -7.8099   -1.6654     3.8895   -1.5249     2.9986   -4.6418    0.4253   -6.7397
 9328.36     -4.0599     2.3564      2.6947    -0.3887     -4.6510      1.0714   -6.3470    -5.4280      3.4674   -9.1295     5.1255    1.2371     -6.1113    3.9009     0.3781   -4.5798     1.1626    4.2380   -2.7670    5.4154
 9337.07      2.1986     4.0965     -2.5951    -1.8524      1.8573     -4.4771   -2.4493    -4.5355     -5.6573   -4.6802     4.0597   -6.1245      0.0431   -8.8108    -0.1293  -12.4081    -4.6353    1.4502   -5.7940   -0.6794
 9345.79    -12.9328    -3.3486      1.7176    -3.9207     -8.8963     -7.8449    5.4359     2.9890     -2.5568   -5.7407    -2.9613    6.7431     -6.6147   -4.1380     0.0852   -6.0871    -1.3911   -5.2324   -0.5481   -9.8453
 9354.54     -3.9087     2.4052     -1.5921    -0.7488     -7.3487     -1.6919    1.1895     3.2401     -4.1165   -3.2623    -1.6297   -0.3782     -2.0749   -3.1326    -2.5747   -5.0087    -3.7978    7.9204    4.5447    1.8466
 9363.30      3.2324    -4.5606     -4.7078    -6.9895     -5.9790     -6.7324    1.8598    -0.5271     -7.5593    7.0492    -9.0312   -5.0294      5.2976   -0.6430    -0.2860   -0.7720    -3.7196    2.4371    1.5835   -4.3739
 9372.07      4.0067    -5.1664     -5.1112    -6.9892     -2.8799     -1.2023   -1.2016    -0.6588     -6.3284    0.9697     2.0825   -2.7284     -1.7340   -4.3294    -3.5414    3.8683    -2.2287    2.2832    0.4171   -1.0587
 9380.86     -6.7547    -3.9354     -7.1371    -4.0998     -2.0487      2.7486   10.0554    -0.5231    -11.1215   -2.7335    -4.7553    3.5477     -4.9461    4.0551    -2.8092    4.7622    -2.0495   -2.5175    0.1830   -5.2855
 9389.67     -1.9505    -3.3226      3.4523    -1.0932     -4.9404     -3.1178   -5.1694    -5.9923      7.5714   -4.3208    -7.7700   -2.0565      6.2712   -3.3245     2.7012    3.1928    -6.8261    4.6719    0.0922   -0.4904
 9398.50      1.2540    -1.4193      4.6584    -3.8254     -9.0696      2.6739   -4.4303     0.8919     -9.2752   -0.5010     5.7134    2.8369      7.1697    7.8875    -0.3326    3.3788    -2.3004   -5.5352   -4.4627   -6.1650
 9407.34     -2.6402   -13.7718      3.9821     2.9704     -4.1218      1.0381    4.2476    -4.2897     -5.8524   -7.2696     0.9715   -0.5323      0.5215    0.7039    -0.3532    0.6566     1.7912    3.2464   -2.4766   -4.6973
 9416.20     -2.0884    -1.5053     -1.1910    -7.6252      2.7579     -2.9430    1.5762     3.7963     -2.8419   -5.2211    -3.9915   -6.6474      0.0456   -2.5354    -1.2521    0.4124    -4.0130   -5.9389    0.9551    2.3808
 9425.07     -2.4246    -3.9409     -0.1903     2.3544     -8.5963     -0.6068   -0.0497    -0.7545      2.0727    0.3163     9.3406   -5.2527      0.9740    1.4271     1.6268   -4.4009   -11.6441   -2.1202   -2.9487    0.2888
 9433.96     -6.0391    -0.3608      0.4363    -5.2857     -5.6669     -3.0415   -1.1101    -5.8924     -3.6786   -7.4403    -5.3842    2.3960     -5.4383   -2.7560     7.2359    1.8144    -0.0029    6.6598    1.6491   -7.1457
 9442.87     -9.6624     0.7750      2.0347    -7.1495     -1.2477     -5.7557   -2.3370     1.0267      1.1105   -3.8029     3.0287   -0.1201      1.2698    2.7978    -0.8748   -4.0842    -0.5654   -6.3632   -0.4429    4.4223
 9451.80    -10.3663    -3.7839     -4.5468     0.0911    -10.2120     -4.0607   -3.3974    -3.5865     -0.6953   -2.3537     3.0940   -0.4855      4.0765    4.1853     2.3334    0.6847    -1.9784   -0.0977   -9.2076    1.4852
 9460.74     -3.0305    -6.1700     -8.0945    -3.2419     -3.1171     -1.0867    3.7167    -5.4714     -9.1024    5.8864     2.7333   -8.0818      0.8515   -2.7311    -5.5556   -5.1223     8.6045   -2.0088    8.2202    1.6203
 9469.70     -7.6252    -0.5713     -3.4372    -6.1396     -3.8336     -4.4104   -2.4909    -0.7576     -6.5899    4.2925    -5.0363    4.6983     -2.9275    7.8719    -0.3247   -5.5035     1.7577   -6.2260   -3.1441   -2.3765
 9478.67     -5.9742    -4.0143     -1.4122    -4.5773     -5.5150     -1.5760    3.8427    -2.1967     -2.3818    2.1229     3.9825    0.5950     -5.8041   -4.3891    -1.8300   -4.4972    -0.6077    0.2602   -3.3381    1.1684
 9487.67     -8.4297     1.8978     -1.0571    -5.1661     -2.2970     -5.1795   -4.7395   -11.2239     -6.1142   -5.4783     0.9418   -2.3457      2.3171    0.8484     2.9941   -2.4910    -1.0013   -1.3544   -2.4938    0.1889
 9496.68     -1.1208    -2.8795     -0.0710    -5.3615     -0.8205     -0.0924   -1.5324    -1.9142      0.9889    2.8698    -0.6817    0.9604     -2.6014    1.2123     2.0353   -4.5428     0.7631    4.9976   10.6280   -4.2961
 9505.70     -7.6100    -0.7793     -8.0214    -1.5799     -6.0193     -2.9274   -3.8898     0.3577     -2.5045   -1.0294     0.3896   -2.1028     -0.6917   -5.8687    -0.8697   -4.8221    -3.5506    2.4604    4.6621   -0.2800
 9514.75     -6.9570    -2.2701      1.1746     2.8144     -1.8833     -3.2953   -0.5093    -5.0420     -0.4200    2.3802    -0.8243   -3.2273      4.7249    0.6223     1.8860   -1.4124    -0.1773   -6.4131    7.5712    4.0904
 9523.81      1.6300    -2.1485      2.5532     7.7841     -2.6547      2.1735   -6.8953    -1.6339      1.0187   -3.6141    -1.0410    1.9095      3.7978   -7.0959     2.1657    3.2448    -3.7733    0.7591    3.6735    0.0334
 9532.89     -5.9647    -3.1995     -4.9844    -2.9729     -4.5105      2.3385    6.7908     0.3424     -2.0545    4.3370     3.3127   -0.3412     -2.8594   -5.9156     0.1446   -1.3460    -0.7486    0.7819   -1.0668    0.6355
 9541.98     -2.1533    -7.1872     -0.8567     1.7274     -9.0566      1.6177   -1.4585    -2.1333      3.5151    3.7395    -1.3361   -0.4353     -0.8667    4.7146    -0.9605    0.9616     1.1178   -1.9834   -3.4818    0.5166
 9551.10     -5.0419    -1.1308     -4.3217    -0.7590     -0.8315     -8.5474    1.7649     7.6131      3.9930    3.9178    -0.7854    1.8580      1.2606   -3.8220    -1.6045    8.4802     5.2094    1.7565    0.6522    1.9705
 9560.23      3.5517    -6.1483     -5.9837     4.2087      4.4894      2.2080    3.6085    -2.1392     -4.8835    5.1772    -5.1986   -2.6869     -3.7726    9.4942     3.9734    1.6905     0.4301    3.6135   -4.5393    1.8424
 9569.38     -1.4817    -4.0156     -1.2824     1.4017     -0.3027     -2.5000    3.4491    -0.2350      3.1657    3.4023     5.1702   -1.3211      2.0708    5.5631    -1.4137   -5.5735     2.1785   -0.8857   -3.0102    1.5747
 9578.54      1.1806    -4.0194     -3.8226    -3.5627      6.0701      3.9944    7.4359    -0.1272      1.4234    5.0790    -2.1033   -0.1830      0.2433   -2.4882     0.7195   -4.1315     7.6876   -2.3123   -1.5517    0.1840
 9587.73      5.3576    -0.9021      6.0342    -0.8768     11.7977      1.1805   -1.3332    -0.5944     -0.2216    4.5602     4.3076    7.6762      5.5540    0.1026    -1.0699    2.0636     3.1263   -4.4174    2.1904   -4.8862
 9596.93     -2.2662     5.2700     -2.0629     0.2051      5.3573      8.5946    3.9642     0.4981      3.3216    5.0982     2.5197   -2.0039      0.7260    6.7190    -0.2515   -0.3755     1.3712   -2.1356    2.0955    3.8604
 9606.15      6.3745    12.2911      5.3014    -3.1116      5.7842      5.7888    5.5582     4.4815      6.3321   -0.0447     0.4113    3.0801      4.4985    2.1095     7.8750    1.6893     5.6225    3.2131   -3.1416   -0.4663
 9615.38      8.0552     1.8443     -1.8925    -0.3744      7.2535      2.5807    7.3737     7.8692      8.2514    1.7428     6.3309    2.2028      8.8372    3.5248     6.8545   -2.6783     6.9474   10.3068    0.9673   -1.1783
 9624.64      5.6926     1.4294     -0.8092     0.5929      7.1232      6.9386    1.7856     4.8308      9.9768    2.7454     2.9699    2.2112     -1.3688    3.2841     4.3500    2.5347     5.7413   -0.3853    9.2928    2.3501
 9633.91      6.5730     0.5035      8.9315    -5.1833      5.5060      3.8580    3.0873    -2.1075      4.6922    1.3358     3.5477   -2.7189     10.4234    2.1115     3.8733   -0.7267    -0.3803    3.4645    6.3479    1.9201
 9643.20     11.3630    -2.4331     -3.4230     3.1271      6.1505      5.0403    1.7762    -2.4682      6.4551    1.0317     4.0128    3.3788     -0.4822    5.4315     5.2616   -0.5928     2.7602    3.5838    2.5809   -0.2111
 9652.51      3.0903     0.7008      0.1999     0.9270      0.1784     -0.7245    3.1473     4.9851      6.9261    1.6866    -4.5580   -5.3361      3.0260    3.9069    -2.7443    3.5756     3.0015    4.5480    0.4400   -1.1944
 9661.84     -1.4611    -1.1381     -1.1793    -3.1636      1.0505     -1.5759   -2.3313     3.9668      5.8380   -1.2523     0.5426    6.1035     -1.0855    1.6098     1.4781   -0.4232     5.8562    3.0422    6.2205   10.4955
 9671.18     -0.8729     0.2252      0.7395    -2.3956      0.8501     -2.3271    1.4822     1.7664     -1.0355    2.8652     1.7997    1.9263      1.4647    7.3840     6.7107    5.0343     7.3403    3.4314    3.4634    2.1450
 9680.54     -6.3594    -0.4309     -1.2144    -0.5954      1.0880     -0.4850   -4.2889    -4.5216      5.6139    0.2564    -1.5031    4.9510      4.9128   -0.1593     0.7803    4.8125     8.6558    6.0967    0.5514   -2.4033
 9689.92     -3.7003    -3.5492     -2.5289     3.7134     -5.5474     -0.4039   -4.0234    -0.8846      1.7391    1.2045    -1.9235   -2.3065      4.8716   -0.3415     3.5306    3.1221     5.4535    6.3673    8.9970    0.8770
 9699.32     -5.9307    -9.7685     -1.6114    -3.9942     -5.5891     -1.4816   -0.0987    -1.9071      0.7588    1.9423     3.0504    0.8495      4.4800    8.3364     6.7315    5.2765     6.4592    4.1012    7.5305   -3.3979
 9708.74     -6.4900    -7.9899     -5.0681    -4.6721     -5.4544     -1.7646   -4.2289    -5.4373     -1.0934    1.3302     1.1072    3.0795      6.0610    4.1612     4.6814    3.1889     8.7355    9.4990    7.1404    5.8163
 9718.17    -16.4409    -5.3331     -7.8198    -6.6512     -9.5165     -8.2312   -3.3459    -1.9065      3.2419    3.8040     4.9405    1.4317      6.5572    5.9502     5.9174    2.5099     1.7411    2.8866    4.5560    5.5184
 9727.63    -12.9991    -6.4985     -3.8354    -1.2510     -8.3821     -2.9034   -2.4022    -3.7829      0.6578    0.7106     5.5831   -1.1105      4.7012    3.6512     2.9201   -0.6334     4.6132    4.0738    5.3626    3.3216
 9737.10     -7.3064   -14.0285     -6.1619     0.3118     -8.0207     -8.3387   -8.0332    -1.6730     -2.7689    4.5323    -1.0685   -2.2746      3.5797    4.7500     1.6943    2.9019     5.7054    7.6646    0.0662    2.8567
 9746.59     -9.8459    -8.4085     -8.6428    -9.6781     -9.9688     -5.3019   -6.5693    -4.0637     -1.9175    1.5364    -0.4234    0.3644      4.4288    5.6417     5.6522    1.9400     9.3259    5.8522    5.1153    3.0445
 9756.10    -10.4653   -12.5053     -5.0048    -4.3242     -7.5764    -10.7669   -6.9192    -2.5103     -1.5921    0.9920     4.6606   -1.4723      5.9662    4.1255     3.6515    3.4945     5.9745    6.9889    6.4394    5.1744
 9765.62    -17.3525    -9.8708     -6.7743    -8.0602    -14.0768     -7.6075   -6.4545    -3.2441     -0.7544    0.8954     2.3046    2.7066      8.7712   14.7316     6.2339    5.0016     8.7662    3.8687    4.7745    4.2638
 9775.17    -14.5807   -10.2514     -4.5282    -3.9436    -11.5070     -6.6410   -7.0453    -4.1572     -2.6732    4.4769     3.0983    0.6775      3.5517    5.5014     4.8115    3.0572     3.9303    3.9633    0.2500    8.0923
 9784.74    -19.9720   -12.3376     -8.1459    -7.7291    -14.0125    -10.0136   -6.6552    -5.3675      1.2674    0.4336    -1.7501   -0.5643      4.0353    5.8365     6.6330    6.6374     8.9705    4.2719    3.5650    7.0294
 9794.32    -17.7251   -10.8320    -11.2335   -11.1160    -13.6378    -11.7541   -5.1397    -2.9719     -2.1619    2.9626     1.5471    1.6581      5.4074    6.4564     8.5029    7.7971     7.8141    3.9034   13.9517    1.1446
 9803.92    -16.9122   -21.3340    -10.2881    -8.6005    -17.8769    -11.1265   -7.1008    -7.0907      1.8426    5.3148    -4.6482    0.3453      8.0018    3.4466     9.3585    0.9061     8.6603    8.7615    7.4178    3.7410
 9813.54    -16.7026   -12.3088     -7.0160    -6.5368    -17.2880    -12.7537   -8.0793    -4.7393     -0.0993    0.9428    -0.5464   -2.9386      7.3403    6.2397     7.8405    1.1628     7.6442   16.3550    1.7725    5.0228
 9823.18    -17.2562   -14.3720     -7.4971    -8.2963    -16.2345    -13.7860   -7.7523    -0.4937     -1.4942   -1.9498     1.0795    1.3794      9.9982    9.0823     8.5459    5.9456     7.8409   14.0969    7.5120    5.1268
 9832.84    -21.2017   -16.6067    -10.4461    -7.3065    -20.8437    -13.7414   -8.9051    -0.6974      0.5962    2.4883     4.7873    3.9185      6.3137   11.9216     2.8737    8.4518    12.3693   12.8480   11.6341    7.3784
 9842.52    -26.1060   -13.2387     -9.6377    -8.8088    -20.4478    -13.8909  -10.7546    -4.7694     -4.2888    1.0697     1.0339    1.6202      6.9693    7.7984     5.8233    8.1077    13.2314   12.8190   10.8112    3.9292
 9852.22    -21.1405   -14.6339     -9.9291    -4.4123    -17.9275    -14.4771   -9.1701    -6.5494     -1.2399   -0.0156     1.5386    1.1671      8.6842   10.6769     8.9027    2.8791    13.6541   12.6052    7.8410    6.3579
 9861.93    -21.3576   -15.4299     -8.4548    -7.2763    -18.3126    -16.3053   -9.1578    -8.4490      2.2675    2.8923     0.0487    1.4654      9.4700    9.0578     8.2677    6.6853    12.0820   17.1301   10.5572    7.1547
 9871.67    -25.7782   -18.4733    -11.9729    -5.7071    -17.7306    -16.7039   -9.6835    -8.5642     -2.6099    3.6125     2.8990    2.6916     12.0641   14.1013    11.3579    8.0420    17.1548   11.5511   15.0549    8.4614
 9881.42    -25.6125   -13.8473    -12.7450    -8.7963    -22.5875    -15.1143   -6.9597    -8.6485     -2.0683    4.4710     8.8414    2.2279     12.4154   14.1169    10.4665    8.0611    12.5564   16.6552   15.8822    8.4999
 9891.20    -27.1423   -19.6170    -14.4795    -9.1501    -21.9697    -18.3617  -10.7578    -6.5744     -0.3205    1.5981     3.9069    2.8924     15.8520   12.9672    12.4464    6.4190    16.9014   17.2940   16.2217    8.0356
 9900.99    -28.2908   -17.1026    -14.5918    -8.0207    -24.7118    -15.8194  -13.7477    -3.8778     -0.5251   -0.8694     2.5422    4.7620     14.1292   15.4433    13.1933    6.1616    20.9212   18.9746   12.7007    9.8255
 9910.80    -28.4095   -21.7959    -14.8889   -11.9354    -25.6792    -19.0740  -15.6457    -8.2679      1.4202    3.3828     8.9484    2.3136     14.6636   14.5651    11.4879    9.9170    20.1976   17.9586   16.4516    8.3783
 9920.63    -29.4468   -21.6759    -11.1534    -8.7466    -25.7399    -17.4295  -13.7145    -7.7378      1.3083    3.1151     5.1322    3.0767     14.6729   14.1416    11.9785    7.7107    23.6127   18.4964   15.7292    7.6528
 9930.49    -32.2004   -23.5840    -19.9579    -8.9653    -29.2056    -16.9474  -13.1508    -8.2822      4.8772    4.6987     3.0289    3.6625     19.1459   15.1379    14.2161   12.0997    17.5938   18.4485   17.0714   10.4730
 9940.36    -31.8611   -20.1846    -19.1528   -12.7316    -26.4676    -20.4060  -11.9254    -7.4689     -0.4381    9.5581     8.0007    4.0186     19.5603   17.9327    14.8089   10.8782    21.5177   19.1121   16.4425   12.0289
 9950.25    -32.0616   -24.4325    -18.4793   -12.5087    -27.3547    -20.6133  -14.3044    -9.2332      1.3663    4.0418     6.3599    2.9121     17.9421   20.5530    16.9214   10.0304    27.4836   22.0011   18.0831    7.4381
 9960.16    -37.7923   -25.6902    -20.3956   -12.5666    -31.5727    -23.6178  -14.5417    -8.1479      2.1724    4.4909     6.7118    7.8749     23.6936   26.9458    17.4087   14.4155    24.5792   23.5883   22.1874    8.1545
 9970.09    -34.7989   -25.8617    -18.9771    -9.5143    -28.2000    -20.7138  -13.3963    -8.8135      7.0833    6.0720     4.9261    3.0276     26.4958   28.6619    19.9282   17.6784    28.2779   25.0287   20.9169   11.2918
 9980.04    -38.1449   -27.4413    -20.3674   -10.0799    -29.4574    -20.3757  -17.1613    -6.9028      5.1249    7.6395    10.1000    3.4422     26.1746   27.1036    19.4196   12.7502    32.4558   26.4738   19.5907   15.3567
 9990.01    -38.2564   -27.5996    -20.6080   -14.1623    -34.6217    -23.5474  -19.1186    -9.2579      8.2087   10.1182     8.4926    5.7517     28.2364   29.2174    24.4080   12.5825    33.6088   29.0038   25.3396   18.0575
10000.00    -40.9302   -26.5377    -23.6623    -9.5692    -30.3720    -21.4770  -14.1184   -10.0982      7.9209   14.4744    10.8063    4.9623     29.9220   30.1975    23.5645   15.2416    35.6943   34.1572   28.6159   17.6367
10010.01    -43.4605   -26.9454    -21.3553   -10.7683    -33.7636    -23.0050  -15.7173   -10.3153      9.4707   14.5265    13.1502    7.6159     35.5902   32.7380    26.7253   18.6414    40.6551   37.2811   33.8008   20.9451
10020.04    -45.0962   -33.3000    -21.0189   -13.9641    -33.7912    -21.5144  -14.9754    -8.6590     11.2278   15.0486    12.2670    5.1342     35.2856   35.2610    27.7142   20.0715    42.0162   36.5102   32.3642   23.1716
10030.09    -42.8239   -30.8630    -23.6028   -12.7062    -33.0125    -27.3565  -17.7418    -7.9622     10.7454   16.6674    14.6737    9.4732     38.9198   35.9055    32.4598   17.8156    45.1611   41.4729   32.7776   20.6651
10040.16    -46.4972   -29.2997    -25.4550   -15.7434    -35.7838    -20.1850  -16.6957    -9.2006     16.1332   18.4553    15.4988    9.4790     43.4852   36.9195    33.0841   21.7942    49.6692   42.6201   32.8491   20.2528
10050.25    -46.6296   -34.7684    -25.5283   -14.3198    -34.5825    -22.7819  -16.7963    -6.8353     18.6416   17.3644    17.3663   14.0828     47.8066   42.7876    34.7533   21.3740    50.6195   45.7672   38.2426   25.3445
10060.36    -49.9106   -34.1238    -25.8794   -14.6490    -36.3728    -20.6604  -15.1725   -10.9351     21.7157   22.4515    20.4331   13.2503     52.3051   47.7775    37.9756   26.6814    56.9185   53.7683   38.9673   26.1924
10070.49    -51.2559   -33.5445    -28.9067   -13.6904    -35.5337    -23.1666  -17.6990    -8.5874     25.9399   26.4334    21.2097   16.1745     58.2606   52.1854    40.8587   26.6603    61.1639   53.1435   45.8911   28.6516
10080.65    -52.0953   -36.0960    -24.7568   -16.8463    -36.0492    -22.6696  -13.4456   -11.3235     25.4857   29.1700    23.5006   16.4506     60.0735   57.0621    42.3303   26.4897    67.7613   59.2805   47.0969   28.7411
10090.82    -51.7706   -35.6725    -26.7856   -14.7847    -33.7302    -25.3148  -16.2165    -7.0555     35.0273   30.8482    26.2852   16.4494     63.3700   59.3126    49.0663   28.8417    74.3230   65.0255   49.4184   29.6534
10101.01    -51.0067   -36.7826    -26.0931   -15.1696    -33.7434    -20.8230  -16.5833   -10.2012     32.9726   34.8041    29.9167   19.4084     72.0951   62.9692    50.0092   31.8524    77.5368   68.3990   52.8374   33.8521
10111.22    -49.6273   -35.5414    -26.0009   -17.1241    -32.9034    -21.7880  -13.6650    -7.3282     39.0863   39.9586    29.3023   21.0378     77.2669   70.5084    50.6787   35.6651    82.6406   74.6994   57.4791   36.8766
10121.46    -55.7713   -38.1686    -28.9104   -13.9735    -32.5128    -21.5333  -11.0958    -9.5619     41.8772   41.6073    34.9888   21.9392     82.4785   71.4827    60.3812   35.2929    90.2181   75.7578   61.0567   39.1098
10131.71    -50.9228   -37.1739    -26.3088   -16.6113    -31.2525    -19.9959  -11.9782    -7.7345     47.1105   45.1838    36.8819   24.0874     88.5888   77.5724    62.9532   42.3472    97.2231   81.2053   65.8182   40.6986
10141.99    -54.1091   -34.3262    -26.3021   -15.7961    -27.8672    -18.8236  -12.2921    -4.3492     49.8641   49.8424    40.8119   26.4200     94.1326   80.9886    66.8311   42.1326   101.8497   87.3633   68.3286   43.5913
10152.28    -53.0877   -37.7141    -27.4950   -18.8379    -29.9861    -18.0684   -9.0797    -8.8678     60.7171   55.1123    43.5251   28.0127    104.1547   86.9801    70.6327   44.0857   109.9209   93.3603   76.0117   47.6088
10162.60    -57.2389   -36.7451    -27.9374   -18.7318    -26.8877    -15.8203  -11.0377    -4.5019     65.6558   56.2122    46.3950   27.2301    105.5936   90.8144    72.8065   47.0041   117.1404   97.4822   78.2758   49.9429
10172.94    -54.8075   -38.3132    -28.7349   -17.3248    -24.4632    -17.3172  -10.3811    -3.5182     67.2816   60.3519    47.5178   32.9162    114.5805   98.1831    74.4984   45.8767   124.7557  105.5147   83.1414   53.0076
10183.30    -54.6769   -38.8550    -27.6089   -17.1749    -20.8047    -14.1239   -7.4367    -3.7935     72.1326   66.2986    52.3456   33.0532    122.1876  104.9990    81.3603   53.3222   130.1868  113.7327   86.4127   54.7516
10193.68    -53.3768   -34.9759    -24.8933   -15.3791    -19.6852    -11.0480   -4.5336    -2.6002     76.9940   69.3424    54.9916   34.6087    127.2759  111.1752    86.4895   55.2764   136.7180  115.9164   89.9805   58.9616
10204.08    -51.7109   -36.8770    -26.7885   -15.4461    -16.9287     -7.0635   -6.7888    -2.1737     82.7844   72.9461    54.3881   37.4762    132.9783  115.0025    89.0172   57.7712   143.3909  120.9927   91.4160   56.4815
10214.50    -53.2763   -35.9027    -27.2015   -14.8410    -16.7200     -6.3299   -3.3117     1.0545     88.2609   77.6337    60.5309   42.1159    139.1139  118.6796    93.2616   59.8786   148.0958  127.1874  100.5525   63.0194
10224.95    -49.4984   -33.0786    -24.9102   -14.6961    -14.0000     -7.0875   -2.2604    -2.5802     90.9275   80.5611    66.1746   40.3928    147.2030  123.0824    96.2718   62.6315   156.1212  133.0065  102.7251   63.7561
10235.41    -47.9742   -35.2847    -24.4740   -13.0358     -9.6621     -6.8265   -2.1977    -1.7037     98.0907   85.0378    67.1723   43.0872    152.4186  127.8038    96.0965   65.8173   162.1243  135.7201  103.9226   67.9699
10245.90    -47.9835   -34.1775    -23.2184   -13.9910     -7.1347     -2.2480    0.6604    -1.8592    102.3544   89.1220    68.6893   44.1051    155.9459  131.3421   103.8976   65.9932   165.5253  140.2272  107.8431   67.4975
10256.41    -49.0001   -33.6491    -24.4319   -13.4503     -7.4769     -0.8095   -1.6516     1.4086    102.6822   90.1708    68.6175   44.9988    161.2312  133.1667   107.2657   67.1120   171.8634  143.0067  112.9819   71.3956
10266.94    -51.8000   -34.3275    -24.6517   -15.6028     -8.9975     -1.0417   -0.3798     0.6425    108.8555   93.8002    72.1555   46.5992    161.8753  137.8858   109.4841   69.1535   176.4731  144.3189  114.3966   73.8726
10277.49    -52.0230   -33.1752    -25.0312   -15.0679     -8.8068     -2.3076    0.9734     1.2001    111.0849   95.0464    74.9856   48.5180    166.2745  139.9415   110.3811   70.2833   178.0248  151.0954  114.1601   72.9910
10288.07    -52.3920   -35.7233    -24.7324   -16.1632     -8.7128     -2.0774   -2.8070    -1.3912    109.7743   94.9451    76.9449   46.8434    170.5762  142.9649   112.5600   71.4706   181.1950  149.1241  117.9135   72.4298
10298.66    -52.6652   -41.2257    -28.2987   -16.2919    -13.3184     -4.0240   -2.3605     0.0204    108.5628   95.4766    75.2645   51.0135    170.6372  141.1274   112.7999   72.3106   182.0813  152.5559  117.4545   73.2501
10309.28    -57.0614   -42.7454    -29.8795   -18.5483    -16.0461     -2.6238   -1.8897    -0.8074    106.3913   95.0352    75.9226   49.5094    172.3358  143.1571   112.2780   71.4722   183.7950  155.5741  118.4982   76.4414
10319.92    -63.2188   -44.4475    -32.7494   -19.2030    -19.6874    -11.2719   -7.2416    -4.6286    108.4927   95.0223    72.1148   46.9015    169.0172  143.9371   112.9232   73.4967   184.3760  150.6920  119.3398   77.2229
10330.58    -65.2094   -45.2414    -32.6637   -19.4877    -23.1979    -13.4883   -6.4166    -4.7631    104.3188   91.2426    72.6812   45.4830    170.4270  145.9392   113.6726   72.4804   181.9683  151.1872  120.4621   76.7706
10341.26    -71.8671   -51.3836    -36.5178   -20.9728    -31.0586    -19.7075  -12.1777    -5.3733    102.3659   90.7054    74.4775   47.7237    167.6513  143.2592   114.3318   72.3465   182.7783  152.5973  121.6714   77.1561
10351.97    -77.6055   -54.2105    -41.1135   -21.8279    -34.3192    -19.9290  -12.9670    -8.7922     98.9010   91.4365    72.2002   47.5772    168.3010  143.6232   111.8733   70.9179   181.4812  152.6344  118.6429   76.6543
10362.69    -83.7887   -57.4967    -44.3371   -24.0190    -41.1634    -29.0589  -15.4196    -8.0935     95.1720   87.2168    68.7034   46.6887    167.4627  142.9334   110.1137   69.8621   177.0693  151.4305  120.1190   78.5832
10373.44    -88.5486   -64.3791    -45.5928   -29.5306    -46.2364    -29.9759  -18.7782   -10.3794     90.7619   84.8213    65.4405   45.2758    162.1471  141.3244   110.4010   73.5432   179.8685  152.4340  121.1937   73.4323
10384.22    -96.4298   -65.3936    -46.7959   -27.5991    -54.1411    -36.6275  -22.2555   -14.0335     86.0877   82.3554    65.5581   45.0618    159.7178  141.0978   111.3341   70.0116   176.3204  151.4444  118.3746   75.3149
10395.01   -104.1387   -72.4944    -51.3533   -31.7636    -60.5866    -40.0833  -26.4406   -15.3738     85.2580   82.2895    64.2826   45.6636    156.6305  137.2396   111.1080   70.8812   175.7659  149.0083  119.1578   77.1025
10405.83   -109.0019   -74.5993    -51.0644   -32.1814    -68.8837    -46.1192  -32.1184   -16.2994     78.6823   79.6356    63.7723   44.4239    157.2711  139.1341   109.7385   69.2669   171.5768  149.6898  115.8576   74.7801
10416.67   -116.4134   -79.7919    -57.7099   -35.9911    -74.7875    -49.7246  -33.2614   -18.5669     75.0665   75.4223    63.5856   39.1500    155.0702  136.5642   112.0626   68.4617   169.8264  150.8086  120.0298   78.2892
10427.53   -119.7683   -88.3270    -61.8055   -36.1015    -81.6987    -55.0145  -36.5584   -20.8903     71.0966   72.8836    60.4096   37.6689    152.9008  136.0014   110.5556   69.7710   169.4575  148.8075  116.4732   77.3785
10438.41   -129.3520   -89.0880    -64.3739   -40.2977    -88.9604    -58.7540  -39.1657   -23.4832     68.5323   70.2910    59.1129   42.8417    153.6576  137.7347   110.4986   69.4618   170.1913  147.7097  118.5212   77.7622
10449.32   -135.4731   -96.9517    -69.3330   -40.4982    -94.6856    -64.6243  -42.2257   -26.1065     69.2608   68.4623    61.4333   39.4558    149.7165  140.7889   111.9507   72.0877   167.5764  150.0184  119.9812   76.2024
10460.25   -140.5624   -99.1874    -70.7608   -41.0655   -102.2449    -67.1221  -45.9551   -25.4670     62.1146   69.5137    57.7390   39.5694    153.6662  140.1293   113.3190   71.3055   169.0115  151.6250  121.4437   77.9481
10471.20   -151.8658  -105.6051    -74.4901   -48.3227   -108.5662    -72.4834  -47.7754   -28.5213     63.4984   68.3172    56.4675   39.8030    153.1509  140.0819   114.0210   73.0899   169.7662  151.3725  122.2803   79.0759
10482.18   -155.7412  -108.1879    -78.6785   -46.7662   -113.8847    -76.1967  -55.0152   -30.1380     61.0868   67.2354    57.8659   38.5132    153.4611  144.2573   116.7289   75.4810   171.4457  153.6733  124.8115   78.3208
10493.18   -160.9556  -110.2702    -81.2204   -47.8651   -119.2129    -80.0529  -56.4817   -32.7152     58.3772   66.6380    56.6658   38.0973    158.3014  144.6413   118.7443   76.1997   177.0719  156.4180  125.6757   83.7764
10504.20   -162.7828  -116.5904    -82.3991   -53.6744   -127.9986    -83.6747  -56.0332   -32.2717     62.1320   68.8985    56.5951   38.3584    157.5418  148.3599   119.5523   78.8656   176.8562  162.5555  128.2471   81.2668
10515.25   -173.4368  -120.3974    -86.4961   -53.2882   -133.6834    -86.3405  -57.9749   -35.1307     61.7667   69.5436    62.9619   41.4727    163.6817  153.0851   122.5872   78.4716   181.7911  166.0819  131.9720   85.5562
10526.32   -176.4750  -126.6186    -90.1725   -53.5084   -132.8093    -89.1172  -60.2430   -36.8723     60.5834   71.8160    61.8768   39.4856    167.0708  155.7911   124.8990   82.9270   186.2312  169.8481  135.7871   87.9668
10537.41   -180.8141  -126.3925    -92.4753   -56.8199   -137.8401    -92.6840  -61.5162   -38.0253     62.8107   74.9264    64.2936   42.6153    172.8785  157.6852   129.5311   85.6256   193.7067  174.1583  141.5079   90.0517
10548.52   -186.5360  -134.1264    -94.0941   -59.0564   -138.3483    -94.2398  -60.4033   -38.5608     67.9033   76.6703    71.1915   43.5265    176.8262  168.8920   134.2605   86.1246   200.2732  184.2403  145.2066   94.9562
10559.66   -191.9771  -132.1967    -90.8900   -58.3697   -144.6646    -92.9164  -64.4959   -36.1478     71.6835   81.9269    70.8191   48.3663    185.4323  172.5347   141.2994   90.7896   208.9866  187.5419  148.1650  102.1709
10570.82   -194.0187  -137.7653    -99.4309   -57.8401   -144.6102    -95.7884  -66.5450   -37.5999     78.6110   83.6137    74.6012   49.2964    192.2040  180.8800   141.3512   95.1678   216.7148  195.8898  156.7074  100.6727
10582.01   -195.6818  -137.8174    -99.4466   -60.5010   -143.0727    -94.1831  -63.0654   -39.2724     82.0134   90.8462    75.9298   50.8636    204.2511  189.2944   152.4436   99.6034   225.8222  203.6230  163.2939  106.0959
10593.22   -197.1529  -137.4085   -100.5858   -59.8533   -139.6300    -91.3384  -64.4796   -38.7126     93.5110   96.7779    78.9430   54.4158    214.8243  195.8756   158.5446  104.2908   242.2062  214.0777  169.2851  112.2583
10604.45   -198.0011  -139.1104    -97.8024   -57.2862   -137.9464    -90.5013  -62.5971   -35.2921    101.4412  106.4153    87.2807   57.1816    228.0769  207.7871   164.9598  109.5257   251.6934  220.8685  179.0910  115.1571
10615.71   -195.4006  -136.2233   -100.3426   -60.1551   -131.2446    -85.8585  -59.8508   -34.3331    112.0023  115.3834    94.1385   61.4678    239.8116  216.5879   173.7679  112.1608   264.0529  232.5387  185.8171  119.1613
10626.99   -194.5547  -136.5973    -98.1619   -59.9731   -128.2699    -84.6149  -57.4667   -36.7873    122.9205  122.1443   101.7439   70.5096    252.5728  228.2297   183.3906  118.1616   278.4060  243.3641  195.0732  126.6087
10638.30   -191.1980  -134.7066    -96.2871   -59.7166   -118.3654    -76.8099  -51.5335   -31.5428    136.9062  132.5259   110.1474   72.7408    266.9620  239.2599   190.1997  123.5964   294.8286  254.6232  202.5685  128.2165
10649.63   -187.0955  -130.0877    -92.9704   -56.3608   -113.4373    -70.5648  -47.2671   -25.5986    147.6311  142.3178   113.8158   73.4391    286.1431  251.0583   200.1171  128.0875   312.5061  268.4139  213.8060  136.1490
10660.98   -182.4135  -128.3218    -91.0798   -53.0617   -101.6617    -63.3021  -43.9026   -23.1023    162.4477  154.6989   126.5083   81.5336    297.2970  260.0973   209.5175  134.0415   327.5142  281.2561  224.4502  142.4772
10672.36   -176.4884  -121.9095    -87.0908   -51.3745    -91.0264    -57.8171  -36.6651   -21.0171    179.8825  166.2828   132.0897   87.9183    316.3718  276.6253   217.9120  136.9604   342.8939  295.6312  234.0494  148.8734
10683.76   -168.1921  -116.7386    -84.5302   -50.1389    -77.0382    -43.8761  -28.8777   -19.0300    194.2745  181.2210   143.4742   94.8632    331.4373  289.0562   230.9453  144.8087   362.7017  307.1966  240.2741  156.8367
10695.19   -159.2572  -113.0186    -79.1511   -46.5187    -63.5627    -33.0229  -22.3098   -12.7770    213.8255  190.9017   151.8537   99.2476    348.2541  303.0958   237.8002  151.0062   378.0091  316.3931  249.9147  159.5136
10706.64   -147.7693  -104.6260    -72.0883   -44.2216    -45.9758    -24.9892  -14.8872    -8.8227    231.3766  203.4995   162.7538  102.4428    370.6936  314.6302   244.8194  157.8194   397.4005  334.0321  261.7059  165.5512
10718.11   -136.2887   -96.7355    -68.7022   -41.7627    -30.7071    -12.4475   -3.8154    -5.3783    247.3574  218.6322   170.1285  109.5826    384.9350  327.7699   256.3974  163.8861   417.5137  347.2067  270.6706  171.2009
10729.61   -129.9962   -89.3772    -63.0475   -36.1197    -17.8820     -2.0161    5.1376     2.1500    267.8391  230.0574   181.9708  114.7218    403.4723  339.2419   264.1834  171.2663   429.9437  355.9117  280.3420  175.9959
10741.14   -116.2692   -81.3972    -56.6588   -35.7970     -1.7043     11.1837   10.3436     7.2856    281.9016  241.5370   189.4642  122.4561    418.4552  353.7222   273.5276  173.9160   447.4324  371.2324  288.3268  185.4155
10752.69   -104.7114   -74.5555    -51.7561   -34.1855     13.1199     18.5163   18.3056    12.5120    297.5499  252.6332   199.2464  124.8037    435.6344  361.8686   282.9062  180.4029   461.2959  376.6631  296.9461  187.2927
10764.26    -97.7986   -67.4134    -47.0994   -27.4045     28.4573     34.3048   27.6096    15.7997    310.0598  262.3927   202.8902  128.8003    444.8484  370.7505   285.7061  181.2900   471.1800  389.1745  302.3006  191.0500
10775.86    -85.8315   -58.3003    -43.5474   -27.8205     42.6458     39.3825   30.9424    22.4541    326.1081  274.1918   211.4823  136.0804    454.9626  377.8156   292.9761  183.9594   480.7067  394.8424  303.1580  194.5380
10787.49    -73.9062   -53.2518    -38.3905   -25.7005     54.9184     48.3018   39.6986    25.1202    333.3543  277.1102   216.8524  140.6241    465.2356  383.5969   298.3701  188.6009   492.4607  402.0476  310.1458  194.4164
10799.14    -71.6283   -48.6041    -35.3406   -19.3780     66.2645     55.9639   44.5525    31.0692    344.2875  284.9211   220.4842  138.3976    470.6920  392.9878   298.3617  191.0083   499.3130  406.7187  315.3180  199.2149
10810.81    -61.6487   -43.8922    -29.7113   -18.9773     74.8070     62.4602   48.3083    31.5994    348.9424  290.1908   224.5392  141.5189    476.2789  391.3304   302.1402  193.9843   500.8603  408.7137  314.1675  197.7532
10822.51    -62.1415   -40.7612    -31.3990   -19.5599     77.9870     66.9070   51.9946    33.1076    355.5800  293.3644   225.2121  141.6916    481.7668  394.4088   302.4466  192.5546   506.6040  410.5132  315.5398  199.3169
10834.24    -56.7746   -41.5802    -27.3543   -18.1972     83.6606     68.3152   54.2742    34.5303    355.0177  293.1048   225.4595  143.5198    481.9432  391.1436   304.8370  195.0029   504.9416  411.7666  316.4543  197.7088
10845.99    -56.0943   -39.0350    -28.9679   -17.9518     87.6208     69.4780   56.9274    33.8971    354.1393  292.3573   223.5479  142.6798    480.2389  389.1961   299.6263  191.5478   501.0608  408.2382  315.0497  196.6071
10857.76    -52.1432   -38.9444    -28.8597   -16.4981     86.6629     69.3230   53.3066    35.1662    347.7111  289.8860   222.7642  140.7717    474.7200  385.4929   299.8098  187.8772   499.8971  404.5881  311.2312  197.0566
10869.57    -59.4062   -38.5380    -32.1988   -17.4156     80.0542     66.1816   48.8851    35.0011    345.1642  282.9353   218.6370  140.7776    468.5503  384.9305   295.9148  189.6961   488.6889  399.1096  310.3665  192.9581
10881.39    -63.6597   -47.0151    -32.4535   -16.5673     74.9281     61.7620   48.9098    29.3616    335.6983  279.3628   215.1053  135.4240    456.8361  378.2149   290.2580  183.2468   482.9914  394.7375  304.2490  192.8476
10893.25    -74.1426   -50.6730    -36.4062   -21.4324     63.3887     58.1092   43.0654    28.9338    326.5045  270.2686   209.7129  130.2594    447.1704  368.8544   284.2111  179.8945   471.7780  386.7717  296.9467  190.3899
10905.13    -80.8653   -57.6287    -38.8465   -22.1372     54.5220     47.6372   35.8164    21.9822    316.7082  264.3080   201.4509  128.7400    437.4828  363.2818   281.5762  176.3725   464.0160  378.0975  292.0644  183.1784
10917.03    -93.2146   -65.8305    -47.2099   -24.6141     38.2558     34.0774   32.1084    22.0368    300.4567  254.8954   198.7040  125.9801    422.8149  351.3458   272.7265  174.3192   450.2513  366.9225  283.4433  181.7785
10928.96   -106.8078   -73.9524    -51.5003   -30.5753     23.3581     26.1095   22.6166    12.4784    283.6864  242.7708   189.3231  117.8621    408.4607  342.2236   266.2190  169.3685   434.7372  358.7383  276.0522  178.5039
10940.92   -117.3583   -84.0981    -57.9397   -35.4853      5.7636     11.7458   14.5036     7.2418    271.2748  229.1329   180.5412  116.5197    393.4639  331.4031   262.1504  165.0298   418.4221  347.4638  270.7940  173.7570
10952.90   -135.0560   -91.9317    -67.1650   -41.0174    -14.7057      0.0678    2.3228     3.3232    252.4656  222.6364   172.2918  109.7652    381.1085  319.4950   254.8758  162.9000   405.7337  340.3162  264.8870  168.0602
10964.91   -151.0608  -103.4211    -74.1313   -44.5250    -33.3892    -16.6064   -6.3309    -2.3191    236.8243  207.9587   164.7199  105.5190    365.2441  312.9069   247.4508  158.9882   392.3877  332.3842  258.2036  164.7375
10976.95   -166.3653  -114.7286    -82.7576   -51.7269    -53.7696    -27.5279  -14.3793    -8.9808    220.7292  196.6295   157.8901  102.6401    353.3474  306.5011   239.6355  154.0645   383.0572  322.4914  252.0364  160.5559
10989.01   -184.1182  -131.9092    -92.2047   -53.7528    -76.2766    -46.5329  -27.1771   -14.3355    203.8329  183.9101   148.9015   93.7849    339.5105  294.7000   231.7585  148.8972   366.3550  312.4518  245.7280  156.3823
11001.10   -199.1608  -142.1938   -101.1132   -59.5093    -97.7548    -59.1129  -37.9791   -19.4384    190.1352  174.6309   140.3777   92.1461    325.5549  283.8808   229.0610  144.1252   354.1925  305.9512  238.8812  154.8499
11013.22   -215.2506  -152.0049   -109.2795   -62.9202   -113.0399    -71.1525  -47.2486   -27.5173    171.3839  162.5796   135.2243   87.1760    315.4623  280.8980   224.4654  145.3184   340.1698  298.5181  236.1331  153.4232
11025.36   -233.0944  -166.0020   -118.1236   -73.9671   -133.5571    -83.4320  -59.6208   -35.1679    159.4642  152.0770   125.0852   82.9381    302.8470  271.5710   216.1673  139.2532   331.5709  291.2144  230.1490  153.1156
11037.53   -247.0100  -173.1303   -124.8867   -74.4408   -154.3712    -96.8778  -63.7676   -37.9446    144.9708  146.9070   120.9844   80.7452    293.8311  270.4519   214.8890  137.6775   326.3913  289.5212  230.6177  148.3476
11049.72   -260.4243  -185.0571   -130.7276   -81.9156   -166.0828   -110.6226  -73.6509   -44.1026    132.1652  138.8138   116.2638   77.2943    290.4915  262.9886   212.7335  135.8836   322.3846  282.2569  226.2423  145.2054
11061.95   -276.7102  -191.4119   -137.1881   -82.0817   -179.3445   -119.6700  -80.0410   -49.1731    128.1008  134.6686   112.7129   75.1020    284.8908  261.1081   211.5909  136.8571   313.5627  282.1116  224.9396  145.1416
11074.20   -282.9162  -199.9352   -141.4710   -85.6032   -192.6197   -124.7037  -84.6951   -48.4531    118.6750  129.2035   110.0239   75.0385    282.0079  260.8284   208.1181  136.0254   313.1943  282.8090  226.1035  147.0273
11086.47   -291.5695  -202.0014   -146.9037   -86.2986   -200.2920   -131.5763  -91.1832   -51.5319    117.3471  128.0765   111.5887   71.7507    278.2280  259.1768   210.4085  137.7865   315.3680  281.1366  224.8182  148.9171
11098.78   -296.5708  -211.2805   -146.9898   -87.8546   -203.5981   -132.0684  -94.7469   -55.4873    115.5145  127.9579   110.4288   76.3612    276.5801  257.0861   210.8486  138.4881   311.1931  282.8447  229.8458  148.7620
11111.11   -298.2856  -209.8072   -148.8022   -93.3996   -206.3995   -134.0386  -92.7627   -55.5543    119.6259  131.0588   110.3786   75.0759    283.3663  262.8497   215.7092  141.9511   316.3569  288.2968  228.3046  151.2049
11123.47   -298.2988  -210.0866   -151.2026   -86.7847   -204.4390   -133.9933  -92.6319   -50.6369    122.5403  134.4244   114.1095   80.0178    289.2243  265.3385   216.6010  144.8215   323.0058  297.4794  234.5606  152.1067
11135.86   -298.0544  -209.0067   -150.4006   -88.3434   -198.9676   -131.2711  -87.9199   -53.2003    128.2086  137.9988   117.6935   81.8995    297.3624  278.4486   222.8363  142.9787   329.7379  298.7736  240.4274  154.3487
11148.27   -294.1028  -203.0004   -144.7645   -87.7329   -190.0400   -124.2746  -86.2262   -50.1166    142.1464  147.0695   123.3567   86.2861    304.7817  285.1445   227.0711  148.0896   343.3198  305.4149  245.5243  158.5433
11160.71   -279.8083  -195.3483   -142.5283   -83.7868   -183.4797   -113.7641  -76.7472   -46.8620    150.0964  156.0874   131.5517   87.3306    318.5966  286.2587   233.6194  150.1938   354.3782  312.5712  247.9327  162.6336
11173.18   -271.2016  -187.6780   -133.9416   -81.0349   -163.1941   -106.7988  -69.2638   -42.8234    162.4816  164.7688   136.2478   90.4107    331.4651  298.0413   240.0942  154.7378   368.5744  322.9978  260.1322  167.0025
11185.68   -256.3818  -181.3067   -127.2681   -75.6196   -144.7763    -92.4941  -60.1449   -35.0926    180.4276  178.0344   146.5367   98.5790    348.0789  307.2033   242.6171  156.3166   383.9631  330.8851  263.3265  168.7372
11198.21   -239.6067  -166.4549   -120.3851   -71.8139   -124.3286    -77.6220  -49.4047   -27.4184    202.4945  189.3618   154.1191  100.3698    361.9175  320.9888   255.1471  164.3126   395.3183  342.5015  269.6031  176.3261
11210.76   -220.6101  -155.8892   -111.5131   -65.1351    -97.8032    -58.0123  -36.3812   -22.9782    223.9668  205.9827   163.2780  107.2635    380.3787  331.8516   263.7087  169.7807   408.3210  352.1499  277.6898  178.6807
11223.34   -197.8752  -141.7502   -100.7362   -60.7652    -73.8076    -39.4282  -20.5586   -13.3930    246.0694  217.2841   174.6161  115.5994    396.0439  343.2136   273.1714  172.6480   428.4984  364.4282  289.9755  185.2208
11235.96   -178.4121  -125.0077    -91.0520   -55.9627    -44.1167    -17.0483   -9.5642    -3.7380    265.3538  235.7944   187.7309  122.8929    416.3205  353.8773   280.9619  179.3406   444.8481  378.3821  294.5371  185.9298
11248.59   -156.9035  -105.3162    -77.6207   -43.2838    -14.0495      4.1350    4.4813     5.3357    291.3863  255.7498   198.2257  126.1166    438.8504  369.2851   289.2809  185.9980   464.2482  391.9884  301.6842  194.1895
11261.26   -130.9864   -90.7031    -62.9267   -39.7642     16.0992     22.5081   20.7199    15.0389    313.7735  265.7653   209.6371  136.5365    454.5095  380.7038   299.4112  190.5745   481.4638  398.8266  312.5202  195.8229
11273.96   -104.3235   -70.0541    -51.2270   -32.6142     45.5366     42.2516   35.8449    22.1039    338.1604  285.0285   221.7798  139.8157    471.6736  390.2286   305.5488  192.2045   497.1981  411.6396  317.7879  202.1739
11286.68    -84.7774   -57.6809    -42.9056   -27.3006     73.7412     67.8542   48.1491    31.0523    361.2214  302.1682   228.7592  145.9660    489.9375  403.4318   315.3302  197.8594   513.7496  419.6024  323.7054  206.5996
11299.44    -57.1673   -39.1319    -26.0967   -17.4459    109.7238     85.9736   68.5355    39.6472    385.9664  313.4481   243.0161  151.2560    504.3461  413.6572   323.6377  200.5495   530.7749  431.5811  330.0163  211.2832
11312.22    -35.0167   -27.3860    -17.0029    -9.7710    131.5251    107.9270   78.8486    49.6003    400.7504  329.9172   252.5740  158.6830    518.2262  423.5494   321.7757  206.0211   543.4279  438.1461  336.1178  212.6490
11325.03    -14.3921   -11.3139     -5.3125    -3.7669    160.0078    128.0697   93.6030    57.1958    423.1416  340.7074   260.5956  166.7617    531.4992  434.1431   329.1943  207.9725   553.7388  445.1793  337.1425  212.3417
11337.87      5.0881     0.9795      6.2013     2.4863    185.4569    141.2137  106.3217    64.6821    439.4742  349.2649   266.7899  166.6985    544.2375  436.2199   334.3091  211.0993   564.2362  450.0300  345.5577  215.9409
11350.74     21.8193    14.4358     10.3770     7.0248    203.6064    152.4059  116.3336    72.0781    450.3997  356.7167   274.9504  172.3591    547.7586  441.5533   338.8816  211.1084   569.7967  451.3890  344.7951  217.5006
11363.64     35.1616    23.6075     19.9198    11.4648    220.3962    163.7643  124.2731    76.3355    467.3526  364.1123   279.7945  172.9400    556.0670  440.3361   336.7656  216.5674   575.1704  455.8569  349.1393  219.6318
11376.56     46.1928    32.6130     22.4872    13.2906    230.3655    173.3496  132.9440    78.4062    468.2785  368.8173   277.1982  173.1274    557.4201  444.7432   339.5357  214.8023   576.8138  456.0571  348.3847  216.8782
11389.52     49.7445    40.0581     25.7286    17.4035    237.9616    177.6850  134.1119    82.6859    467.5192  368.2826   280.3784  176.7728    562.7812  442.0625   339.3770  211.6044   577.4032  450.3611  342.2952  217.0548
11402.51     55.5833    39.9639     28.5823    18.6060    243.6247    182.2038  135.4505    82.1777    468.8098  372.1660   279.4515  173.8593    554.4420  440.1457   335.6273  210.7996   571.7268  452.1820  341.9460  215.9004
11415.53     54.3586    42.2489     25.0344    18.0005    238.7745    181.0693  135.3055    82.5267    467.6902  366.1064   276.3347  173.6207    548.0284  435.0177   328.9660  209.5080   565.8160  448.2092  339.6639  212.2410
11428.57     51.4046    39.6767     32.0469    20.8831    238.7439    176.4726  130.8763    82.8880    457.1282  360.1984   273.6990  172.3102    539.5927  426.7708   327.0742  206.6995   553.4135  439.2652  333.5339  206.9622
11441.65     46.1720    33.9485     24.0809    14.3219    229.3414    172.5783  129.1082    76.8333    444.3165  353.0206   267.7248  168.2237    529.6260  419.0475   317.4864  200.1770   544.3620  432.1479  326.6361  201.4844
11454.75     38.1894    26.9673     17.5550    12.8427    219.4182    161.2387  125.3697    76.4357    432.7782  337.1754   256.9231  161.7210    511.3588  407.7099   313.8713  196.0431   530.0091  420.6046  320.1219  199.7150
11467.89     27.5356    19.6980     13.1534     8.9505    199.3247    150.2885  112.3582    70.9127    414.8671  331.6690   249.4276  157.7412    497.7582  397.0708   306.0714  191.8247   517.3456  408.5974  311.3284  194.5595
11481.06     11.5975     9.5833      6.7751     8.5419    184.8379    140.3229  102.2938    66.1296    400.5048  314.0971   240.9957  151.6502    483.6022  383.9162   295.5889  185.6231   495.0384  393.6445  299.1047  190.0149
11494.25     -3.4683     1.9472      0.0412    -0.9722    161.4656    121.8544   92.0981    54.9038    376.2951  300.4968   230.3356  146.6352    464.6491  370.8138   286.0290  179.4239   479.4177  382.6295  293.6486  184.5074
11507.48    -18.2108   -15.2117     -8.6425    -4.4712    139.5854    110.1313   81.2010    49.2831    356.3804  286.9207   221.6135  137.1825    441.7484  359.6054   274.6234  175.7319   461.9282  370.4763  284.5057  178.1621
11520.74    -36.7659   -22.8350    -16.4242    -8.2476    114.8911     91.7077   68.7256    45.1823    334.6922  273.7462   209.6761  130.4890    423.0327  343.7704   263.1621  168.8835   437.6005  357.8173  271.1110  168.8576
11534.03    -56.9468   -41.3929    -28.5421   -16.1514     92.6634     74.5628   58.1971    33.9464    310.1132  254.1048   193.4119  126.0644    402.7164  328.9087   256.6729  161.3555   416.6205  342.5632  264.7124  168.0953
11547.34    -79.1528   -51.7578    -36.2043   -23.8315     65.6016     52.8942   42.7452    24.6014    284.9101  239.3214   182.0591  114.2151    379.8805  316.7695   243.6343  150.8422   401.8164  325.7405  256.3027  158.1688
11560.69    -97.6342   -67.0807    -43.5309   -28.8506     37.5813     34.1187   29.9738    20.4523    264.0835  220.7488   175.8310  109.2523    359.2181  299.1148   236.7358  148.3707   377.7421  315.6497  242.2604  155.4266
11574.07   -112.5395   -76.8842    -57.1145   -33.4525     11.2498     17.1180   18.5656    11.6010    241.4018  203.4525   160.8359  101.8839    340.3476  286.9504   225.0310  140.5475   358.0378  303.3492  236.7334  148.2441
11587.49   -130.9513   -93.1693    -65.0785   -39.4930    -11.1719     -0.4704    6.2251     1.8486    220.3170  190.8976   152.9116   98.2186    321.7628  273.4865   216.2249  135.3815   341.4860  288.0624  224.3645  142.3272
11600.93   -148.1484  -103.1041    -74.2805   -46.7532    -36.0104    -13.5707   -6.1360    -1.9857    196.8003  176.8613   138.5480   88.0864    300.8065  265.0386   208.5161  127.5228   325.2531  280.9244  217.6430  139.3796
11614.40   -168.6572  -114.1797    -77.7208   -47.8590    -50.5963    -29.4372  -18.6646    -7.7656    180.4828  164.5653   128.7429   87.1279    290.2324  253.5784   196.7636  127.6434   312.2360  267.5021  210.4935  134.1776
11627.91   -180.0057  -126.3665    -86.4104   -53.1535    -69.4141    -40.9290  -26.7026   -13.7120    166.6818  154.9515   121.0215   81.7550    273.3324  245.1696   191.1250  127.4112   297.3142  258.3066  203.6954  128.5131
11641.44   -188.3345  -129.9982    -92.7228   -59.0892    -85.0015    -49.4912  -33.7435   -17.8816    151.7649  141.3074   117.9927   76.0740    261.8929  231.4855   185.2605  120.3248   285.1476  247.7801  199.4615  131.7218
11655.01   -197.0345  -134.8170    -97.6685   -58.2262    -95.1036    -58.2537  -41.0001   -20.8067    139.4602  136.9865   110.4894   74.2276    252.7412  222.0305   184.2965  116.3575   272.3065  241.3202  191.5688  125.2352
11668.61   -198.9689  -139.7788    -99.2742   -59.7257   -102.5079    -67.1659  -42.7032   -26.6580    134.9433  130.2289   108.5815   70.8037    248.3986  219.8324   181.0288  113.3194   269.2163  234.9400  189.4599  124.0931
11682.24   -201.7409  -139.2269    -98.8695   -62.9859   -107.2467    -63.9284  -39.6160   -26.8192    129.5948  129.3101   104.5195   64.8147    242.6860  216.0064   176.3621  115.4790   262.7591  234.2201  188.7509  120.4552
11695.91   -200.2219  -137.9771   -100.6459   -59.7982   -104.9447    -64.5246  -41.3479   -28.5648    131.5425  124.4608   102.0363   68.1395    242.5636  215.4968   173.5756  111.5842   260.1925  232.1619  183.0488  121.6161
11709.60   -191.4893  -132.5325    -96.4102   -57.8309    -97.1638    -57.5366  -40.5155   -23.7509    131.6309  125.6707   106.6059   69.8257    239.5602  215.9301   171.7755  107.7549   259.4739  228.4690  183.6641  118.7337
11723.33   -182.1490  -128.0833    -89.7179   -50.6683    -87.9105    -51.3103  -34.7480   -20.9025    134.4442  131.5848   107.7771   70.3207    241.6572  215.1511   171.5679  112.8348   262.4585  231.4599  183.7687  118.5712
11737.09   -169.7258  -123.8547    -87.2178   -50.0819    -77.7800    -45.7617  -29.6392   -14.5572    143.2629  135.6746   108.8752   69.8218    248.4590  220.0374   175.4295  114.5842   267.3117  235.1096  189.0235  119.4340
11750.88   -156.2964  -110.2609    -77.9327   -45.0844    -56.5007    -30.6921  -23.8978    -9.9289    154.5308  144.9673   117.1793   74.2026    255.1218  225.0069   176.1850  112.7726   271.6563  236.9357  187.6687  117.3773
11764.71   -142.0958   -98.8613    -71.2227   -42.1402    -38.2118    -21.8988  -10.9265    -4.4976    166.5365  150.5402   117.9496   74.9758    261.7083  228.0385   181.8620  116.8914   282.6817  242.3666  190.5435  123.4650
11778.56   -119.3032   -83.0604    -60.4806   -34.0895    -15.3494     -4.3933    1.9309     0.4685    181.0391  162.9651   124.8447   82.4596    271.4891  232.3555   185.2792  118.8111   288.9542  245.1443  196.1459  125.4487
11792.45    -97.6992   -68.7167    -47.5057   -26.3135     13.3057     16.9970   13.3858     9.7973    201.6499  172.1677   132.5521   86.1362    284.2594  240.3981   191.3722  119.2144   303.0163  251.1921  199.5906  124.7235
11806.38    -75.5468   -49.3812    -38.5440   -21.0250     36.6827     31.6240   27.0353    17.0791    218.4337  181.6942   139.0097   91.8333    296.1092  249.5953   193.8229  120.4569   312.9018  258.2941  200.2688  128.9697
11820.33    -51.3908   -31.3548    -26.1350   -13.2991     64.8856     52.4977   39.7453    27.1726    239.3689  197.4794   152.2575   94.3621    308.2684  253.0403   197.2018  124.8411   323.9631  264.0231  207.0079  129.9406
11834.32    -27.7774   -14.4254     -9.7751    -3.2658     94.0164     76.9154   54.7979    37.3449    258.0944  206.3392   159.1503  101.8030    324.9950  264.0861   200.2056  128.3484   338.3430  270.3272  206.7887  133.7406
11848.34      2.9304     2.0974      1.2906    -1.7088    122.4741     93.7012   72.3227    40.7467    274.4203  222.8061   167.4001  105.8183    332.8470  269.8188   207.6044  130.5685   347.8044  278.6797  210.6633  136.1279
11862.40     28.0928    24.4782     14.9551    10.4937    149.0342    115.5495   86.4110    49.6872    296.0283  234.5122   174.3796  113.1817    349.1024  276.7293   211.3869  130.8846   359.1720  287.8423  214.4990  138.1762
11876.48     51.8085    37.3841     28.0938    16.1091    180.1554    134.3854   98.0203    59.9081    314.0281  245.4123   184.5724  117.1622    359.7158  285.3386   217.8039  136.9034   370.9796  292.2405  220.1215  138.5711
11890.61     74.2951    52.6899     39.6736    23.5149    208.8765    151.5938  111.0659    66.3906    332.4684  256.4418   193.2960  121.2737    375.1301  289.3372   219.4047  137.8736   375.8010  296.4830  223.6508  136.0135
11904.76     97.1075    65.6673     47.5999    29.9260    227.5505    173.0120  122.8269    75.4176    350.5564  268.1028   199.5366  123.9935    381.3965  290.7235   219.6457  140.1634   392.5217  299.0743  224.2965  137.1320
11918.95    116.4078    81.8639     61.5651    33.5434    254.2576    184.4266  137.6702    84.1234    364.8858  275.1388   204.2854  121.3726    390.0356  299.8232   223.3291  139.5958   399.4214  302.9695  228.5951  141.7292
11933.17    134.2284    93.6628     71.1073    37.6968    274.2142    203.4021  145.0419    89.6441    376.0121  282.6363   209.6911  130.8431    395.0634  302.9634   226.9502  142.2473   400.8626  302.6236  226.4732  141.5170
11947.43    148.6521   107.7216     79.0721    46.0887    289.5157    213.3585  153.6096    96.6799    383.5284  284.3166   214.3612  132.3952    399.8035  306.2894   229.5703  143.3233   405.7077  307.5536  228.6821  140.7313
11961.72    161.5913   114.2132     83.9534    50.6334    304.3214    219.6981  163.8984    96.9314    391.2462  294.3420   217.6094  133.0301    403.7943  306.8899   229.2274  142.3940   408.4196  309.0724  232.0768  141.8361
11976.05    168.6418   121.2682     87.8171    54.8503    313.8767    228.0092  164.8981    98.8371    392.2565  294.2080   217.8480  134.3019    407.6916  308.0047   227.5310  141.5020   404.9511  303.7962  227.8870  144.5122
11990.41    176.4570   124.7186     89.4695    51.7874    316.5136    229.5497  169.7002   101.4257    393.3793  295.7302   215.8234  131.5603    404.1097  302.6054   227.8578  139.1880   406.0793  303.3995  225.7946  140.3369
12004.80    179.8644   130.1142     93.7189    57.3096    324.2742    237.8043  169.7990   100.4390    391.7172  293.1804   218.1012  132.2636    399.9180  300.6936   226.2122  136.8285   396.7036  297.4017  222.5105  138.0945
12019.23    182.5538   127.0417     91.7926    56.7652    320.9143    232.6368  166.3535   102.1580    386.7619  288.3410   216.2790  130.9638    391.7934  293.1235   218.2179  132.7479   392.4466  295.8832  216.5014  135.7601
12033.69    178.7448   124.3798     88.2139    54.2214    314.0038    227.0693  167.5707   102.5600    380.5129  282.9871   209.2160  129.9746    383.7391  286.2845   212.8554  128.9460   385.1336  287.4625  210.8032  129.9703
12048.19    170.6768   121.7425     89.3542    53.3532    307.2346    221.9394  161.0777    97.5574    366.3063  275.2310   205.4569  126.7126    374.2220  278.2154   208.0431  132.0327   370.3945  280.8293  209.0319  129.0541
12062.73    164.4568   117.3389     83.6697    44.9042    294.2025    214.0803  150.2435    98.2091    358.8988  267.3031   197.8784  122.9751    360.9493  268.7369   201.6755  125.0650   360.8478  271.1294  200.1593  123.3576
12077.29    153.9067   110.8361     79.7153    49.5201    277.8553    202.9916  148.3526    89.5953    340.7215  254.4908   187.3901  115.9926    347.5100  264.6322   194.8562  123.7284   350.2766  259.9079  194.0765  121.3074
12091.90    146.5138   102.7987     72.9027    45.0763    264.6365    193.3117  141.7674    84.3820    327.4194  246.1397   185.5971  113.6108    334.9004  253.6732   189.0324  114.5519   334.6149  250.4832  188.1639  118.3774
12106.54    132.1123    99.0626     69.0770    42.7624    248.7416    180.9450  131.9644    76.3180    312.0941  233.6842   171.8798  108.3372    316.9332  241.6609   180.9181  111.4451   316.5707  240.0683  176.6805  110.4741
12121.21    123.6688    85.2473     63.3630    39.2114    229.7659    168.8886  123.0111    72.6474    290.7856  219.5193   164.1091  102.3302    300.8717  229.3727   174.8485  106.8410   302.2920  229.2186  170.2992  107.4772
12135.92    109.1891    78.9707     58.3212    33.9951    212.1488    155.1774  115.4408    69.9374    279.0727  208.8235   156.2602   94.4062    288.1164  221.5045   163.8100  101.6243   291.2686  221.6600  165.6667  100.2209
12150.67     99.3366    68.9428     48.5876    29.3535    194.8802    144.1696  105.8583    62.3317    260.7271  198.1230   146.0811   93.5122    273.5338  210.1714   159.2188   97.0815   276.6093  208.7451  155.9541   97.4002
12165.45     88.5701    61.9626     45.9445    27.7180    181.0702    130.4458   97.4105    56.2167    245.7635  188.2390   138.4982   88.0762    256.0392  199.8406   145.7842   92.1106   258.1795  198.4647  154.2543   93.6731
12180.27     78.7244    52.7610     43.1801    24.1625    168.0426    124.1165   90.3924    52.4311    230.1626  174.2835   129.7124   78.5598    246.9352  189.5408   139.3248   87.8675   248.2176  192.3903  142.7910   88.0844
12195.12     68.3109    49.0762     36.0958    18.4041    152.4400    112.6224   84.3292    52.9509    218.3610  165.8433   125.0289   79.7035    233.0702  183.6630   134.9880   84.7667   236.2079  179.0376  137.6837   85.2025
12210.01     60.6661    44.9288     33.4323    17.8104    143.1007    102.6224   77.2622    47.9793    204.5077  156.6655   115.8059   71.7373    222.6724  174.9437   129.5097   78.8103   226.1628  175.8998  127.9050   79.7360
12224.94     61.7790    44.7702     30.8371    20.0248    134.0727     98.3072   74.5050    44.2248    196.9742  151.5462   113.3351   69.3932    213.7663  167.4135   127.0179   78.7345   215.0513  169.2052  126.6996   75.1441
12239.90     58.6229    39.1257     29.3172    18.0268    125.9948     93.9716   72.4815    42.1900    189.4629  146.2240   111.1319   70.4496    206.4787  161.3907   125.2773   76.5825   211.3498  161.0514  121.1035   78.8597
12254.90     62.0410    43.1281     32.4953    16.7838    131.0562     98.5964   69.1650    44.2362    186.1696  146.0066   109.3399   64.4124    204.3497  155.8150   117.4310   73.3905   206.7351  158.3475  124.0041   78.4193
12269.94     63.4825    47.4832     35.2260    22.9446    130.5250     97.7041   69.5289    42.1739    185.4495  140.3200   106.9834   63.8650    203.4032  156.7700   115.7366   70.8563   203.1204  156.8530  121.5435   69.3933
12285.01     69.2311    50.9276     36.2604    21.2977    137.4654    101.2162   74.4972    45.1615    187.7082  140.9096   107.6663   64.1635    199.3460  153.2932   115.3644   73.8358   198.9330  155.4504  116.2568   72.7916
12300.12     84.4746    57.3914     41.5374    26.2782    151.7049    111.3716   80.5142    48.6693    194.3509  147.9021   108.9862   69.5823    200.7806  151.7343   117.5229   72.1001   203.2385  153.5834  114.4982   70.9768
12315.27     95.8357    64.7052     48.5290    31.8965    165.0006    117.3094   89.2391    55.3773    199.6259  150.9893   107.8083   68.7313    206.6506  154.0527   116.8950   73.7804   207.7822  153.1945  118.9841   67.3212
12330.46    114.1734    82.1144     57.4681    34.2536    181.5613    134.2837   94.2811    54.1920    211.0698  155.5771   119.2328   74.5815    212.9708  158.1273   116.3450   68.8620   213.1339  158.8306  117.7348   72.1307
12345.68    134.8787    93.8705     68.7100    42.1257    199.8697    143.1010  105.8726    66.7535    224.7151  164.7586   122.8318   69.9059    220.3582  164.3004   120.0624   76.4402   221.3689  162.0210  123.6278   74.0761
12360.94    154.2961   110.9371     79.6339    45.1937    227.4798    161.5069  115.2377    69.0405    238.9630  173.1624   127.2323   75.2752    234.1120  169.8869   125.3511   74.9689   229.6062  167.1766  124.0095   73.2267
12376.24    178.1917   128.2854     89.3384    53.1011    253.3058    180.0570  130.8880    79.3646    255.2756  188.6293   134.9175   81.0806    241.7649  175.7455   127.6837   75.2988   241.0849  172.4504  127.6428   77.1084
12391.57    204.4033   143.1862    102.5012    62.7435    279.9501    197.8639  142.1571    88.6431    279.3727  203.6294   144.8470   86.4187    255.1950  183.4597   132.0703   80.9837   250.5743  174.9678  131.3045   76.3056
12406.95    231.3547   166.6669    117.3094    70.7279    309.8524    221.2193  159.4706    94.9864    297.6661  213.2052   150.1139   90.9808    268.2871  186.4122   138.6355   78.6424   259.4780  183.6549  135.6880   83.1093
12422.36    258.5637   182.6151    129.2678    78.1715    340.5960    243.7720  173.6012   102.9185    316.5159  223.0540   159.6463   96.3294    280.9029  197.0756   144.9261   87.3690   274.0749  192.7951  135.0063   84.4118
12437.81    283.3965   199.9312    141.4830    87.9678    368.7895    265.6486  189.4703   117.0314    338.8819  237.9115   170.3561   99.4077    294.2649  207.8614   148.4487   89.5657   289.4521  198.7511  142.5416   89.5030
12453.30    306.1545   220.0856    158.4858    95.1298    398.4667    284.7870  203.0584   124.7574    356.0698  250.9631   179.9314  105.4194    311.5774  214.3825   150.4018   91.2120   299.4122  203.9012  145.6701   88.1405
12468.83    335.2296   237.5843    169.2388   102.2980    424.3517    301.8379  220.6164   130.7728    375.0639  259.4243   187.4301  114.7508    321.9740  224.0609   159.9213   93.3619   311.5229  216.2243  151.3669   89.2535
12484.39    355.2668   252.8933    180.3394   109.5429    451.4830    318.4488  230.7335   136.0159    392.1410  274.0612   195.3723  115.3886    335.7935  229.6380   162.8209   97.2178   323.9493  219.6722  155.2255   91.7290
12500.00    371.6270   260.2908    189.7484   114.1907    472.3873    340.2716  237.7650   144.9390    404.2587  281.1627   206.0966  122.4068    346.3479  234.2975   161.4288   98.7413   335.1186  222.9949  160.3488   93.1280
12515.64    388.2963   276.5312    201.9803   116.9543    489.1349    350.1939  250.8221   151.6453    424.2721  288.7557   206.5777  125.7993    352.4082  240.4003   169.4608   99.1723   338.0363  227.3947  160.4735   93.6531
12531.33    402.4440   284.7037    205.2037   123.8671    508.0605    359.5897  255.6906   158.1743    431.2129  296.0922   212.9074  122.8550    358.6617  241.5344   172.0099   99.1321   341.4463  228.5734  163.6494   98.0180
12547.05    412.8504   292.7124    208.9372   125.3777    521.5826    369.9226  261.7263   158.6481    439.2537  301.5165   215.2582  129.0680    365.7086  243.0589   170.3398  101.6080   343.7855  231.0589  163.1415   98.4070
12562.81    423.3023   295.6300    210.6880   130.8898    526.2703    374.4927  265.9291   162.0439    440.4366  300.2174   218.0274  130.4125    367.9104  244.8254   172.0585  105.3577   349.2061  235.1836  163.4458  101.4259
12578.62    419.4003   294.8101    215.1488   128.2961    529.4390    371.3308  270.2509   163.6549    443.1253  307.8097   215.9142  129.6887    366.9719  242.5507   173.7751  101.9011   349.1288  237.1160  165.3380   98.5407
12594.46    419.7631   297.4266    217.3587   129.3708    525.4952    368.9103  267.5562   158.4982    438.4221  305.2283   216.5439  126.4248    366.1984  244.5194   172.4836   99.9667   351.4150  232.4224  161.5325   98.0456
12610.34    417.2967   296.1808    208.5805   129.3079    522.6975    372.7067  268.0075   158.6597    439.4047  305.7073   216.1637  126.5344    362.3738  241.5696   172.0269  100.5782   348.4647  235.8845  165.4921   97.5596
12626.26    413.3059   290.4294    205.4491   121.4112    517.2926    368.3845  264.5671   157.3699    433.8085  297.4687   211.4190  128.8561    353.9667  240.5010   170.1029  101.6531   342.8648  229.4276  158.1617   93.1467
12642.23    405.5220   279.3591    203.4266   119.6846    505.2790    358.8067  256.0771   156.4298    424.2909  294.2749   210.0731  126.9306    354.7804  233.3720   167.3207   98.5566   333.1191  225.4964  159.9590   92.1412
12658.23    398.6561   278.4202    197.3666   118.7854    496.4121    351.7781  251.7009   154.0002    416.0246  291.9221   204.5484  121.1755    338.7211  231.7344   160.2375  102.4247   330.1637  221.6625  153.8961   87.8094
12674.27    388.2751   269.5086    192.0318   117.6430    481.6225    339.1458  242.1567   146.5667    404.9818  276.5904   197.2639  121.5495    329.1170  226.0855   157.9785   91.3964   318.0164  212.8602  149.6643   87.4706
12690.36    370.9385   262.6532    186.8075   111.3433    465.2300    331.0059  239.8646   146.9819    390.2873  272.5040   196.2278  114.2985    322.3298  218.9596   151.9325   91.5089   309.9559  213.2916  145.9142   88.9739
12706.48    360.6971   260.0298    181.8799   108.1232    452.6107    319.5649  229.7804   138.0915    377.8658  261.4798   187.2294  109.1742    315.2619  212.9426   150.0576   89.0901   298.0341  204.7297  140.7600   84.7582
12722.65    349.3336   245.6377    177.7479   105.9963    440.9787    310.9807  224.1594   134.7182    365.9011  253.1320   182.2940  109.7336    309.4261  205.3051   142.8580   84.4507   290.9611  195.1205  140.6712   83.6052
12738.85    344.8210   241.9124    170.6332   105.1817    423.7824    305.0534  214.3388   130.3973    358.8120  248.4848   173.8211  101.7244    297.4615  201.4830   141.7449   83.0571   285.8184  189.2340  135.8569   77.1894
12755.10    334.8983   239.1334    168.5682    98.6408    415.7190    294.5118  214.3874   128.7106    348.3315  242.6077   174.1494  103.5947    289.5139  190.3732   138.7457   84.5807   275.7196  186.0515  127.0289   75.3602
12771.39    328.4760   231.0473    167.7347    98.8551    407.8170    290.4980  208.2943   128.1363    343.9674  243.4868   165.1859  100.6425    282.5870  189.2991   136.9970   80.1178   267.1744  182.6666  123.3636   73.7831
12787.72    321.4969   226.3218    162.5213    95.9082    402.2844    285.7927  205.6365   124.7137    337.6329  231.3870   166.2976   99.7013    275.8716  185.1893   128.7362   80.5970   262.8125  177.6319  126.3862   74.3024
12804.10    320.9121   229.2653    162.8524   100.9780    404.0116    285.3902  202.2020   123.2154    339.2269  230.8562   159.5000   95.7379    273.8003  184.8099   130.4177   76.6683   261.7987  171.5541  121.9802   74.5806
12820.51    326.9767   227.3753    167.0320    95.9844    401.2359    283.9221  208.1171   118.7967    327.9170  224.6065   159.5515   96.5102    271.5424  181.0655   126.0638   74.0961   255.1425  171.4380  121.2502   70.9664
12836.97    324.3538   230.2229    167.2125    98.2811    403.5888    286.8410  205.6366   121.7941    332.3241  227.3709   159.3167   98.7451    265.8299  177.8374   126.7419   73.6917   254.6008  170.7224  120.4810   70.4660
12853.47    331.1796   230.8522    166.8081    97.9444    405.2201    292.6092  207.1277   125.2598    334.8155  230.5703   162.7636   95.8027    271.0476  183.3576   131.0548   72.6102   254.2185  167.3972  118.7363   67.4048
12870.01    339.8574   237.8830    174.4321   100.6543    413.5448    292.6128  213.2447   126.3257    340.9541  228.9232   164.0521  100.8919    273.7579  179.9701   129.0539   75.7226   256.4267  164.8572  116.4785   68.5104
12886.60    349.6549   243.1259    173.4190   108.1782    426.5547    304.9769  215.1645   125.5754    340.9179  231.3186   166.8661  102.0422    272.6183  184.0524   122.1233   75.7193   262.5500  173.0767  119.8783   70.4545
12903.23    357.3091   247.9870    178.5373   110.0821    441.7667    314.4588  225.5419   136.9398    349.5033  238.4307   168.3116  106.1297    277.6231  181.7296   126.5906   75.9723   261.8340  171.2558  115.9336   71.1326
12919.90    370.9420   254.4482    188.4570   105.0004    453.0003    319.5817  229.3611   139.7832    365.7548  244.9644   173.4929  104.9075    279.8179  185.7056   129.5884   77.9895   267.8889  180.3025  117.9183   69.0547
12936.61    380.0652   267.6386    197.1049   115.8217    469.3372    331.8134  242.1898   144.6251    369.8634  248.2082   176.5337  104.8355    289.6512  187.8193   126.0721   71.5051   271.4687  174.9140  121.2772   67.0476
12953.37    394.0109   274.5392    197.3589   119.5866    482.4103    341.4300  247.3314   150.5602    377.0120  254.1264   178.7221  104.9119    291.8844  192.2355   127.3782   74.1423   277.0983  178.6147  120.1646   71.3227
12970.17    401.1901   288.1420    206.1494   126.6544    500.9817    353.4320  250.6653   154.7404    383.0413  261.5480   182.3555  112.1324    300.1381  191.7300   132.3705   79.6382   279.2886  177.7539  124.8777   73.0064
12987.01    418.2482   296.6608    211.5870   129.0351    516.2451    361.3499  258.0537   159.6441    394.0747  265.3798   189.4805  116.1167    299.2938  194.3485   134.0934   75.1132   283.3429  182.9411  121.6916   73.8072
13003.90    425.4998   303.5335    216.0180   127.9216    523.0221    368.5371  265.8300   160.8397    405.8198  270.6300   193.2488  113.8186    309.8857  196.6703   136.1474   75.9667   288.0784  182.8096  125.3260   76.3732
13020.83    439.6278   306.2889    218.6702   130.6385    536.5972    378.8843  272.4056   161.8845    411.4221  276.8116   196.0827  115.2322    313.2160  198.9894   132.8304   78.6530   289.9328  184.3918  126.9901   71.6315
13037.81    438.1524   313.3193    226.9445   135.3041    538.7086    386.3746  276.5245   162.0316    410.8273  279.3546   196.3292  111.6186    315.4326  197.7849   131.1104   78.6856   288.9923  186.2104  126.2738   68.5071
13054.83    442.7071   314.0917    224.8954   132.6325    545.3162    389.7161  277.6394   170.7357    412.2922  283.6829   194.5389  116.7968    313.1131  197.6060   140.4777   80.5751   296.1694  185.3214  128.0639   69.6557
13071.90    446.3370   310.7175    223.0940   132.0996    548.5403    389.1271  277.0403   170.4634    420.6501  282.6963   198.9840  115.8881    314.3320  200.6891   132.4023   80.7340   293.4863  187.0829  124.2202   79.7951
13089.01    445.9678   317.1181    224.0845   135.9092    551.0938    393.0286  281.6238   167.5765    424.7717  282.2943   197.8009  117.1296    315.6409  200.7674   136.3621   81.8038   292.2086  187.8338  127.2674   73.6785
13106.16    444.9747   313.2232    225.6993   140.6976    553.3404    390.5550  279.4220   166.7644    416.6569  281.5150   200.5706  115.5554    310.2483  195.2188   134.1328   74.9003   291.8438  183.7252  125.7051   71.3440
13123.36    441.1766   312.3156    225.4974   136.4407    552.0613    388.0738  278.7608   168.8769    415.7013  280.8696   190.5373  116.3859    311.7936  191.3098   138.0132   81.6376   287.1899  178.2258  122.2629   71.0541
13140.60    430.7815   306.9788    217.4865   133.8529    542.2474    385.2222  271.5324   160.0154    407.4151  278.5208   197.4903  119.3799    304.5697  196.5693   135.2351   71.5662   282.2266  183.0477  123.1890   68.0275
13157.89    428.7745   301.4175    218.3720   128.9564    535.1835    377.0182  267.7916   155.0170    408.3555  271.9455   190.3661  111.1212    303.8508  189.5795   129.6215   78.0727   277.9121  175.0345  114.2752   67.5418
13175.23    415.1948   297.1897    213.5031   127.4922    520.3192    369.9081  264.7495   160.8807    398.7611  271.9601   187.2790  111.1532    292.7492  186.6463   128.6139   74.6367   274.3798  170.9870  116.3242   66.5060
13192.61    410.3392   293.3428    210.6768   125.5223    517.5154    365.4581  264.6945   159.0240    386.3166  264.3886   178.7362  112.6264    292.6456  183.3907   125.8101   74.1595   269.2099  167.9960  108.5822   67.1963
13210.04    402.4126   282.5417    200.8157   126.3233    505.3401    357.6312  261.5660   159.6379    385.9217  260.0222   182.7782  106.6840    282.9750  177.8356   119.1989   71.4023   258.3913  162.2827  113.5085   64.3269
13227.51    392.8569   276.6103    201.7403   118.6128    492.5503    349.0836  252.4186   150.6457    375.4844  254.6909   175.7716  102.4039    279.6966  177.5878   123.6671   71.9569   254.8672  161.7623  106.1793   59.4391
13245.03    385.6434   274.1018    196.5186   114.3675    485.8406    345.1841  249.0944   148.8166    364.0614  247.7392   176.1516  105.1338    271.6060  171.4098   120.9152   67.3818   249.7586  164.1953  106.8198   52.5790
13262.60    377.6089   266.9775    185.3354   113.1705    479.5638    338.2557  241.1678   143.9082    360.0973  241.4893   172.5343  102.7264    264.0952  168.5550   113.9554   68.6690   245.8866  151.8720  104.1920   57.9968
13280.21    367.9794   263.5084    191.4876   112.0626    472.5356    336.3544  241.7138   145.9382    351.4800  234.0838   165.6878  100.4266    258.6623  163.0044   109.2854   63.0370   240.3986  148.9878  104.0473   60.3893
13297.87    366.8360   258.7505    183.6701   110.1484    464.1859    326.6856  240.1300   142.6406    344.3166  236.8241   166.1880   95.9356    250.0460  161.2593   108.0204   61.4838   234.1535  150.2358  101.8860   55.4576
13315.58    364.3296   254.4821    183.8192   110.4058    465.9545    326.6973  234.5751   142.3057    342.0265  229.8413   160.2826   94.8569    249.4764  158.3038   105.6028   62.0729   223.9370  139.8069   95.4262   60.5342
13333.33    357.5742   250.0313    180.9209   104.3924    457.2493    320.0091  228.5965   142.4731    337.0542  230.0349   157.9200   92.4022    245.3188  150.7747   102.4298   64.3008   224.9855  134.5048   90.3541   52.9198
13351.13    359.3391   251.5383    182.7288   112.2696    455.1289    319.1267  230.0833   139.3058    330.8949  223.3388   158.0625   94.5029    241.6518  151.4220   108.7612   57.7693   220.2635  137.7969   88.0975   49.5594
13368.98    351.7683   252.4090    180.8972   106.3709    451.7871    319.6548  235.9620   140.2090    330.6171  221.5688   156.9531   93.1146    233.0418  148.9634   100.5658   58.3152   218.3953  132.6430   88.3032   53.3894
13386.88    355.1642   249.6534    184.7625   111.8055    453.8460    319.8213  232.9338   139.3173    328.0840  219.1344   153.7393   89.3804    236.9940  149.4590   100.3952   57.4996   212.5078  130.4636   86.8638   49.7514
13404.83    359.9468   248.7664    180.5102   109.8498    455.3002    322.6837  232.3644   138.4733    328.2976  218.2684   153.7132   91.7784    233.7208  145.6069    96.8693   56.0096   213.3047  129.8145   87.5911   43.7764
13422.82    358.1889   253.6509    181.2274   110.1816    458.3973    322.8329  230.9239   139.4126    329.4400  219.6977   150.9604   93.8269    229.0345  142.7690    94.5442   51.7019   207.6869  127.4927   83.6140   46.3233
13440.86    359.9436   253.4582    180.4407   113.6966    453.3784    320.3001  235.1556   134.9674    328.3621  223.1680   151.3517   88.4717    227.8231  144.2951    96.1354   52.0664   207.1698  124.3606   82.8109   44.2961
13458.95    362.4845   254.9548    183.0140   110.4611    460.1625    325.3706  234.8036   140.5319    330.6712  220.2552   153.3117   95.0541    231.4492  139.5820    93.9609   47.9613   205.9021  119.8219   81.5831   49.7032
13477.09    359.6710   256.5478    180.5605   109.9030    460.6498    328.8102  232.5240   141.1789    325.6719  216.8301   149.5838   89.8149    227.4474  138.2079    92.4017   49.2673   208.2805  123.6652   81.2557   44.1280
13495.28    363.3389   254.8444    185.8949   115.0643    461.7298    333.6852  235.1599   138.6057    324.3402  216.3976   151.4749   91.1536    227.7034  141.4682    90.1069   49.9734   202.4881  123.0457   80.0268   47.2938
13513.51    361.9821   256.6413    186.9146   109.8732    457.9954    326.4950  233.4199   142.7137    331.6766  218.2604   149.8460   87.8657    221.3212  137.3596    94.8886   52.8139   201.3181  122.0038   80.8124   39.9560
13531.80    363.8701   256.7800    181.9133   113.7510    462.5420    327.3092  232.5324   138.8899    329.2566  218.0589   153.6662   85.5447    226.1897  140.6425    90.4032   50.6254   199.3948  118.3229   78.1911   45.2291
13550.14    357.1697   255.6091    181.6901   104.5675    463.6291    329.4000  232.7882   139.9767    331.2929  214.0033   149.6765   91.4567    226.3305  135.8160    89.5597   49.2863   198.2130  124.2189   73.5983   39.2742
13568.52    360.6590   252.0663    177.0365   108.4268    457.3845    327.3797  232.8183   137.5197    329.7681  214.1027   153.1018   89.1226    223.0759  137.2772    85.7170   49.7374   191.5011  122.6081   73.9070   42.6298
13586.96    357.6849   249.5517    181.9599   105.5721    454.9814    322.9220  228.5271   141.1273    315.8483  211.3640   148.1341   86.9172    214.7337  130.2131    84.6397   47.0032   195.3919  118.2447   78.2122   40.7147
13605.44    352.1948   249.9044    177.6651   111.4803    452.1533    320.4944  228.5613   137.0020    319.2340  209.8239   142.7840   90.2390    216.2550  125.4900    88.8759   49.5581   190.3745  116.5674   73.7105   42.7811
13623.98    353.0895   247.1023    179.4492   108.1340    447.7067    316.3589  229.8731   137.9293    315.7936  211.7033   142.5095   82.3965    214.9543  127.2584    86.5504   48.3449   191.2708  113.4280   72.0823   41.5717
13642.56    345.6812   245.9407    178.3290   102.3325    443.2030    315.0420  226.1251   136.5489    311.1411  204.0806   141.8094   85.9574    207.5596  126.8150    85.3115   45.1993   185.7226  113.8312   71.7174   39.3804
13661.20    342.5746   245.4402    170.3414   103.7200    438.7090    311.7456  224.7958   132.6915    309.4348  203.9590   140.5303   82.9193    206.6983  125.3024    80.6896   41.2632   185.8385  107.1822   72.4324   40.8767
13679.89    335.2523   240.6928    171.0482   104.2989    432.7602    304.6926  219.2278   134.9624    300.7276  201.0259   137.9916   83.7667    203.2011  124.2361    82.9254   46.6498   180.8944  109.5461   70.6157   39.1178
13698.63    330.9235   236.8752    165.9568   100.5793    425.6671    300.9620  222.3612   128.8165    294.1468  197.7883   139.8419   81.1726    196.4649  124.1412    80.5334   47.0567   178.9081  103.8871   67.4633   33.6000
13717.42    323.2942   232.9984    162.7156    98.9501    418.4321    300.9862  215.8144   131.3560    290.9343  198.6301   137.0091   77.4309    197.7262  117.7672    78.6685   45.8956   173.2104  101.6956   67.3079   40.8782
13736.26    318.4403   227.3323    160.7389    98.1011    412.8926    291.8514  210.5804   131.2702    290.6352  191.9413   132.2420   78.4907    193.7764  116.1949    76.5712   45.0876   171.1189  101.0143   68.4779   37.2597
13755.16    317.1103   221.3897    159.8096    92.3411    407.5141    286.4474  206.5591   123.6618    283.1493  189.5961   130.3340   73.5952    193.6747  114.8710    78.9642   41.9350   165.8928   99.9608   68.0815   37.8685
13774.10    308.5120   218.7688    154.8692    91.1128    398.9135    283.6873  203.2445   120.4704    281.1577  186.2056   129.2772   75.0684    184.9771  113.9793    73.5791   44.2617   167.2378  101.5550   66.8886   33.8921
13793.10    305.9698   215.4078    156.1365    93.0701    393.1667    278.4373  203.1206   120.5520    273.8971  184.6326   128.9635   75.9595    184.8442  109.2463    74.6287   39.5673   161.9120   95.3197   64.2906   32.6519
13812.15    300.7314   213.5688    150.5181    94.4676    385.9569    274.5833  196.5811   121.0701    271.7026  181.2258   123.7188   73.2318    177.2957  110.8514    71.4644   37.1074   155.6926   95.9154   59.9188   35.3009
13831.26    295.9354   209.4258    148.6222    87.3852    385.6823    274.0485  194.6572   114.5469    267.0802  176.9216   123.2079   74.5480    179.1698  106.0564    70.4571   38.0056   156.6246   90.7191   58.1535   32.3432
13850.42    293.9226   206.3675    147.7937    91.3413    378.7474    271.3457  194.5881   117.3999    263.8661  174.5641   118.6600   75.2978    172.6289  104.1173    69.4650   37.7346   152.8543   87.2207   61.9350   31.8399
13869.63    286.9466   200.4040    145.9368    88.6993    374.9748    264.9710  191.3510   114.4263    262.7133  173.7853   118.2755   69.0233    172.1703  103.2374    67.6438   39.1177   149.8264   88.9847   57.7999   31.9958
13888.89    282.8076   198.2617    142.1031    87.0151    370.8687    260.5248  190.2769   115.8053    255.7739  169.7497   117.1702   68.7561    167.2155  100.3292    62.5166   36.5044   148.3089   85.8641   56.6961   32.7853
13908.21    281.9013   198.6954    144.6328    86.6095    367.3743    259.3054  189.2452   110.6722    254.9308  166.4040   113.8101   69.1130    165.5842   98.5061    66.5029   34.8743   145.4566   87.8614   53.3997   30.0446
13927.58    278.2603   197.2192    138.6137    84.7178    363.0810    258.4765  181.4229   113.8290    250.6238  163.1274   113.9159   70.2030    162.1373   98.6987    67.7209   37.7875   142.3200   84.8332   53.7489   29.8159
13947.00    278.4809   195.3719    142.0526    86.7019    361.0193    256.2303  184.0158   110.9221    249.3354  160.5077   114.8362   67.6249    163.7806   97.4437    60.9270   34.7694   139.0833   81.5701   52.6334   28.3428
13966.48    276.5468   191.9346    141.5074    82.3543    356.0917    252.6646  182.2562   109.3387    247.4934  159.6587   111.9519   68.3370    159.7319   96.5973    62.6554   32.8801   142.0040   81.3687   52.4615   27.5669
13986.01    273.1128   191.5143    135.7964    82.9452    357.8098    251.8240  180.8920   108.7896    240.8347  161.7937   109.1474   64.7022    156.2678   94.2528    61.2477   32.8227   141.5788   79.2997   50.4738   30.0931
14005.60    272.5753   190.5338    139.4150    84.4923    354.0827    246.1817  180.9743   108.3560    240.2356  160.2588   110.2235   63.4693    155.1044   91.8286    62.6217   34.0204   136.5397   78.6151   50.8191   26.4562
14025.25    267.3290   190.0380    137.6252    82.1071    350.9976    247.8890  178.1617   107.9466    241.0269  157.4477   108.1445   65.8605    150.1292   90.9249    59.0650   33.4938   133.6365   74.7563   48.8824   24.2899
14044.94    265.8297   187.9228    132.4782    81.0756    349.4301    243.4022  177.9518   108.4990    237.2647  154.0190   109.3691   61.6067    147.9198   89.2598    57.0021   33.4842   133.9572   73.3876   49.1723   23.8758
14064.70    261.3854   187.1045    136.8652    83.4433    344.0992    242.2022  174.0901   104.1597    236.1034  151.5884   106.4887   65.2345    148.9883   87.4856    58.1367   31.2910   131.8487   76.3320   47.8874   23.8835
14084.51    261.7310   183.1490    135.2808    82.4865    339.1057    239.4456  175.2090   102.0371    232.2474  154.1219   105.1422   63.6307    146.3957   84.1201    55.6625   30.0371   128.3429   72.6809   47.9534   26.2584
14104.37    257.6949   181.1723    131.6675    80.6516    338.6061    238.6237  174.6634   103.7786    229.1525  152.4168   104.5054   62.1457    143.9230   83.3909    55.1638   31.0027   128.7523   75.3250   45.3232   23.9423
14124.29    256.0880   181.6276    129.5877    77.3692    330.8478    237.4357  171.1782   104.4241    222.5798  149.6297   103.9937   62.5636    144.7240   83.2765    55.9693   32.0417   123.9712   71.1103   47.0998   23.3195
14144.27    252.0606   176.2968    127.8993    77.4451    330.5666    233.5541  167.0376   101.1746    223.4702  145.8187   101.3723   59.2452    140.6070   84.1066    54.7171   29.6700   126.2439   71.7390   43.7242   22.6207
14164.31    250.1765   176.3500    127.8561    77.4678    323.9365    231.2226  165.8458    98.7661    221.1370  146.3060    98.6909   59.1560    140.0310   84.8195    51.7923   32.7179   123.8276   71.0638   45.4504   24.2143
14184.40    244.9376   173.4567    125.9865    73.8032    320.1135    224.1941  164.9852   100.0956    218.2346  141.9968    98.7029   58.1587    137.0531   83.7113    55.1584   28.9821   118.3716   70.6247   42.9788   24.7455
14204.55    242.7262   170.6330    121.7541    75.9681    315.1078    224.5440  159.2971    97.3246    214.3748  140.1615    96.1898   56.8334    136.8443   80.5439    50.9477   27.4833   120.3247   70.8710   45.3477   24.2405
14224.75    239.0195   168.6060    119.6850    74.8735    309.5148    219.4665  156.7407    96.5363    212.2936  138.2435    94.5005   60.4963    132.6013   79.8513    53.2420   28.3525   120.2561   67.9014   45.0538   24.6204
14245.01    235.5385   165.4327    118.8927    72.6259    304.8143    213.6173  155.4332    93.5133    209.0269  137.7448    92.3712   54.7597    133.8974   79.6961    50.7386   27.0637   116.2982   66.3530   42.6275   23.7661
14265.34    228.6926   162.1243    115.6480    73.9172    297.3127    213.2306  152.5888    93.2434    206.8184  136.1074    95.4490   57.8207    130.2937   76.2458    53.0640   29.5652   114.3056   68.4993   40.2566   23.2581
14285.71    227.1624   160.8391    115.9637    69.7780    294.7244    210.1787  149.8755    92.4254    200.0442  131.4194    89.6716   54.1935    128.2297   76.6172    50.9428   25.2256   113.3406   64.0593   43.1919   22.7285
14306.15    220.0344   157.5245    115.9215    66.9497    288.0660    204.8707  147.8204    89.1058    198.0729  130.9611    88.8340   53.0575    127.2078   74.8985    48.1437   26.6560   112.2021   64.0340   41.1538   22.8835
14326.65    212.7305   154.8109    111.0688    65.9100    285.5341    201.4244  144.1331    86.6787    192.4212  128.6877    89.4958   54.0936    122.8382   76.8876    50.7637   25.2906   109.5600   62.2377   39.8042   21.6533
14347.20    213.7640   151.2218    106.8229    63.5600    279.9901    195.9646  142.2188    85.4051    191.9310  125.5287    87.4025   52.4907    122.9849   73.2558    48.0562   25.5793   107.8964   62.6184   39.0942   20.7196
14367.82    209.9432   148.5153    106.4305    62.0279    273.3864    194.1985  139.2558    87.3003    187.9980  123.7131    87.1357   50.7405    121.4317   71.6976    47.5841   26.4692   107.0515   62.2966   39.8569   20.1168
14388.49    205.9173   146.6961    104.5108    62.8336    269.5063    190.9216  137.9450    84.2391    184.7609  121.4673    86.8773   49.4498    116.1906   70.3136    46.5879   26.8454   104.8308   60.8910   41.5554   20.1193
14409.22    202.3971   142.0482    101.0336    61.9931    265.4899    187.8291  137.6234    78.8128    182.0681  123.7561    84.6029   49.4610    118.8435   69.3286    45.1568   24.4257   102.7538   61.8821   39.7207   20.4567
14430.01    200.2142   141.7161    101.1378    59.9898    257.9526    183.8033  134.6277    82.5343    177.6814  118.1240    84.0142   49.4046    115.5788   71.2374    45.9377   27.7168   102.3323   58.2466   38.8153   21.3143
14450.87    197.3580   139.7251    101.6565    59.1815    256.0470    179.1325  130.3680    79.1077    174.5357  118.6312    78.1677   48.6581    114.6475   67.2849    44.4059   24.9026    99.7731   58.2076   35.3541   21.4400
14471.78    194.4294   135.1412     97.4660    59.1275    250.5646    177.6808  128.9518    76.9039    174.2773  115.8173    79.6068   46.9620    113.6848   67.6162    43.5550   26.0576    98.6518   58.3021   38.0140   20.4263
14492.75    190.0515   133.4123     96.4405    57.5789    249.6114    178.7280  126.0308    74.6798    171.0168  111.8310    78.8573   46.4976    111.0961   65.3912    41.9612   22.7227    97.9321   56.3028   36.8118   19.5566
14513.79    187.2910   134.3070     95.2213    57.9883    245.5447    173.1324  125.3608    76.9513    167.1736  112.7343    78.8293   45.7713    107.4942   64.8188    41.5858   24.7980    95.7467   52.6900   34.3697   19.3544
14534.88    184.0868   132.7769     95.6329    54.3597    241.0935    170.4801  122.9141    74.4006    166.9790  107.7042    75.1106   46.3937    106.2360   65.6024    40.2345   23.1852    94.0624   56.8546   34.1935   18.2139
14556.04    181.7433   130.0356     92.8581    54.5563    237.8865    169.5348  122.6883    70.5817    164.4220  107.1003    73.6359   43.4481    104.3179   63.1721    40.5957   22.4436    89.6039   53.5678   34.0892   18.5251
14577.26    179.4423   127.9026     88.5946    53.2800    234.7624    166.0451  117.6440    71.5943    162.3993  106.7170    75.2074   43.5298    103.4959   62.6923    40.2944   22.7904    92.9346   53.7963   35.5191   19.1996
14598.54    176.7927   123.1719     90.1666    53.4865    229.3013    162.5258  116.4133    70.0101    156.5362  104.5584    71.8333   42.4012    102.3596   59.6491    37.9546   21.8010    89.4994   51.7408   32.0131   18.9221
14619.88    173.1096   124.0327     89.7107    51.5693    226.4626    162.7194  115.1815    71.7543    155.3803  103.1811    71.7597   40.6086     99.5083   59.5907    37.9087   22.8810    88.7248   50.7020   34.4682   17.8056
14641.29    169.1800   120.2973     86.8916    52.4647    221.8719    158.0245  114.2245    67.8957    154.6418  100.1907    69.5202   42.8468     97.2605   59.3980    38.6688   21.3858    88.1599   50.1888   33.9738   17.0086
14662.76    166.1964   116.8518     84.9264    49.8318    217.9495    155.3471  112.1886    67.5810    150.5220   98.9975    67.7679   40.4753     97.0791   57.1409    38.9331   18.9936    87.2296   49.4434   33.3846   17.1923
14684.29    164.2501   117.9877     84.7445    51.0655    213.6889    150.0890  108.8812    65.7136    147.7158   97.2533    67.3602   40.3608     96.0582   57.1431    36.2242   17.8624    83.2133   49.4239   30.2972   16.5326
14705.88    162.0363   113.0680     82.7147    51.1372    209.7620    149.9907  107.7745    64.7851    144.5153   95.2898    67.3655   39.7930     95.2665   55.5478    37.7477   20.4851    83.2785   47.2758   32.1407   16.5123
14727.54    156.6711   112.0396     77.9831    50.4544    204.9480    146.1116  105.5880    63.5527    140.7283   93.9997    65.9913   37.6870     90.5882   57.1225    36.3162   19.7835    82.9503   46.7027   30.6081   14.8730
14749.26    155.2696   110.8554     78.3356    46.7473    200.8229    141.5366  103.2602    59.9349    136.9691   92.5644    64.7444   38.5998     91.2069   53.6111    35.3340   20.7511    80.5058   47.2227   29.6826   16.3959
14771.05    152.7841   106.2466     79.1016    44.8567    197.5806    138.9794  100.8879    61.1273    136.7920   89.1080    63.9687   36.5756     89.6840   54.3937    36.1003   20.1307    79.8067   46.0278   29.0064   15.7642
14792.90    147.6247   103.0911     75.3416    45.0089    193.0881    136.5192   97.6950    58.6587    132.7134   88.2502    61.3003   35.4117     87.7431   51.6059    34.9901   19.0136    76.3962   45.2771   27.2394   15.8707
14814.81    142.7939   101.7278     73.3986    43.6933    189.1879    133.2243   97.8040    59.1679    128.9608   86.6819    59.9839   34.4112     84.6802   50.0088    33.8341   19.5868    73.2300   42.7839   27.6201   16.3703
14836.80    140.0753    98.6545     71.8085    42.5010    184.7643    128.6284   95.0592    56.9646    127.8999   83.8163    57.3126   35.3978     84.8577   49.8653    31.7814   19.7260    72.7716   43.3407   28.4211   15.2270
14858.84    136.5375    99.8124     70.1854    42.6492    178.2669    128.2140   92.5315    54.0714    124.0009   82.8811    57.7134   33.9142     80.9437   47.3905    33.3886   18.1151    71.4145   41.3893   27.8105   15.4814
14880.95    135.3936    94.5077     66.7985    39.9676    175.0896    124.6870   89.6648    54.6204    121.3792   79.9934    55.9095   33.6551     78.3884   46.2759    31.7863   17.7287    70.4343   40.5481   25.3873   14.6800
14903.13    131.3687    92.6697     66.7576    39.8663    170.6007    120.3018   88.2742    50.2301    119.5382   79.6060    54.0080   32.2709     77.9310   46.0460    31.8375   17.8734    68.4438   40.7986   24.4589   14.9093
14925.37    128.7278    91.6337     64.4924    39.0494    166.3953    119.0408   84.6451    52.0543    115.8759   77.0971    52.3150   31.2669     74.8713   44.4552    28.0100   15.7692    68.2355   38.9999   22.6962   14.2415
14947.68    123.5372    88.3995     61.7595    37.8653    163.7116    113.5748   83.3816    50.0867    111.6739   75.3818    52.9226   32.7349     73.2454   44.6213    28.2922   17.2095    65.5913   37.9596   23.4606   13.4010
14970.06    121.3116    87.1158     60.7966    38.3035    156.3133    112.2576   81.7859    48.7459    108.4023   72.7083    48.8487   29.1510     70.8184   41.2422    28.8717   15.3878    62.6469   37.2585   23.1236   12.6232
14992.50    117.7005    82.2737     57.4216    35.5881    153.3743    107.7063   78.7266    47.3428    107.6923   71.1684    47.0813   28.5126     69.7020   43.2592    27.7677   14.0249    61.7305   36.0355   24.5206   13.4452
15015.02    115.1823    80.9182     58.1898    34.4058    147.8229    107.4865   76.9744    45.8058    104.2669   68.5915    46.9498   29.1615     68.6160   38.7655    28.2363   14.2842    62.3633   36.3400   22.9333   12.3227
15037.59    112.4829    79.2063     58.4961    34.6058    146.1706    104.2289   74.7885    44.3855    101.2385   66.8376    46.8636   27.6859     66.4981   39.5717    26.2567   14.8394    57.2010   34.5648   21.7840   13.1509
15060.24    110.7270    77.2425     55.8588    33.8497    142.5790    100.3196   72.0348    43.5224     98.6683   66.2361    45.3060   26.7397     65.1944   39.3881    25.0276   15.8390    56.7636   32.8197   19.3272   11.4038
15082.96    105.5987    76.1093     54.7415    32.9016    138.4547     99.1018   70.6183    41.6328     94.7737   65.3751    42.7664   25.5965     61.5262   38.2849    24.4873   13.1167    55.7292   31.5572   19.2067   11.3116
15105.74    102.4766    74.0909     54.2200    30.8025    135.8981     94.4210   69.2090    40.5010     94.0375   61.1264    43.1234   24.9042     60.7690   37.0713    26.0682   13.1225    52.7073   29.3971   20.5862    9.5689
15128.59    101.3964    72.0279     50.9484    31.5387    132.3070     92.7970   67.5711    38.9124     91.6436   59.3507    43.2803   25.1512     59.5918   34.6185    23.4289   13.8450    52.1498   27.3762   18.2820   11.5300
15151.52     97.7570    69.9085     50.0328    31.1388    127.3620     90.8869   66.3188    38.6956     87.6150   57.1845    39.5853   23.7406     57.3805   33.0960    23.5382   12.8572    51.1128   28.4245   19.7467    8.5127
15174.51     95.7443    66.2527     48.7623    30.7278    124.8930     88.4000   64.7626    38.8523     85.6576   55.4621    39.2124   21.7565     53.8807   33.2007    21.5678   12.1304    46.8824   27.3592   18.3598    9.6317
15197.57     93.6114    66.7669     46.6474    27.9098    118.7457     86.1776   61.4557    36.8851     82.1467   54.7322    38.2086   21.9392     54.5558   31.8849    20.4860   12.2301    46.7566   27.4939   18.1452    8.7387
15220.70     91.6590    65.1110     45.3187    27.5926    118.0210     82.2637   61.3072    36.3874     80.5692   52.0471    36.0636   20.9556     51.7555   31.3698    19.9828    9.6465    46.0420   26.3002   16.5138   10.4580
15243.90     86.2313    61.3158     43.9330    27.9818    115.5854     81.1843   58.7006    35.4943     77.5054   50.0219    34.7743   21.0460     49.1960   29.6381    18.9359    9.0804    43.6772   24.8693   16.4047    8.6151
15267.18     85.8946    60.2405     41.2506    27.1942    109.7266     78.3505   56.8784    34.2138     74.5353   50.1185    36.1842   17.6110     47.7291   28.9627    18.5300    8.0012    43.0785   23.3666   14.0240    8.4625
15290.52     81.8996    59.4913     41.3714    24.3080    107.7659     74.9287   54.1459    33.7312     71.6960   48.2844    31.6830   21.0215     46.1830   26.7352    15.5500    9.9334    40.1112   23.1478   15.6318    8.0863
15313.94     80.3269    57.5825     39.8222    24.0682    104.9942     74.2877   54.4275    31.8736     71.3895   45.8972    30.7361   19.0894     44.4154   26.3621    18.6495    8.9127    39.2027   21.5878   13.0082    6.3273
15337.42     76.9536    55.9678     39.9404    24.9314    100.2160     71.1935   51.9097    31.5432     66.7923   44.8603    31.6842   17.7114     42.7424   24.7405    16.1492    7.8386    36.9667   21.4413   12.0090    5.8852
15360.98     73.3103    54.2025     38.2487    22.3467     99.0071     70.4733   50.3657    30.2430     65.5224   43.3410    30.8311   16.9709     41.2816   24.5982    15.1916    7.3640    36.2336   20.2244   11.7180    7.7898
15384.62     74.2939    50.8281     37.6793    20.5416     95.0781     65.9925   48.3498    27.6330     60.7629   42.4321    26.8709   17.6638     38.5989   22.5003    13.7181   10.2354    34.5506   20.5068   10.9490    8.2196
15408.32     70.6788    48.7825     35.4885    20.5399     90.6548     64.4474   47.2593    28.1476     62.2070   37.4321    27.2938   16.5799     38.7764   23.1780    14.1287    7.9719    32.8710   18.8194   11.0766    6.9333
15432.10     66.2785    48.2162     34.4151    21.6852     88.4413     63.9366   44.7582    26.0719     59.4016   37.8019    25.8903   16.4855     37.2005   21.2156    12.4878    8.6524    31.5282   17.7694   11.1761    4.7796
15455.95     64.8902    47.8532     32.2009    20.1324     84.2314     58.5189   42.0228    24.6307     56.0870   35.4976    24.0344   14.9945     34.3913   20.4564    10.4023    5.8481    31.3125   17.7241   10.0866    4.4088
15479.88     63.2097    45.3691     32.5592    18.0429     81.0387     58.8689   41.4971    25.2075     55.3888   35.1966    24.0799   12.7116     32.1593   19.8148    11.6897    6.1149    28.8392   15.8562   10.1435    5.3854
15503.88     60.3771    43.3297     31.0014    17.9623     77.9342     55.7775   41.3470    25.1872     52.6237   33.1211    22.5819   12.6579     31.2830   20.0147    10.4720    5.8475    27.0481   13.7837    9.6187    3.4133
15527.95     58.0546    41.9929     30.2479    17.8631     76.0639     53.3586   37.9208    23.1705     49.8722   31.9661    21.3094   12.1418     29.0485   16.6621    10.5236    4.6032    24.7950   13.7706    7.7307    4.7625
15552.10     55.6820    39.8678     28.2571    18.4290     73.2818     51.6941   38.9876    23.2114     46.4106   29.9104    20.0106   12.6651     28.2419   16.8850    11.6667    5.7522    26.0271   13.3495    6.4630    3.0993
15576.32     54.6412    36.5042     27.4068    14.9586     72.3771     49.9283   36.8157    20.9475     45.4671   28.5000    18.9626   12.9315     27.2987   15.8902     8.8164    5.3266    23.1095   12.0163    6.7857    4.7095
15600.62     52.1056    38.3118     28.1569    14.4190     68.4676     47.5890   34.7123    21.8092     44.5523   28.2754    18.4892   10.9033     25.8137   15.0428     8.6984    3.0375    21.5765   10.2536    7.3422    4.3431
15625.00     51.2891    35.9932     25.6347    16.5885     63.3046     45.7657   33.2368    19.2946     40.3761   25.7710    17.4080   11.9356     24.9346   12.3801     8.8575    4.7233    20.7927    9.9801    5.3962    3.5830
15649.45     48.5553    34.8220     24.7931    15.0772     62.9617     43.6942   31.5103    18.9402     38.5050   26.6226    17.6189   10.3281     23.1236   12.3037     7.9142    3.4070    19.2150    8.9825    5.7999    2.3423
15673.98     47.6959    33.7313     25.1605    13.4563     60.1744     43.6270   30.3610    17.6549     37.8451   25.5831    15.2123   10.0688     22.4089   11.9908     5.5152    2.8110    18.7566    8.7398    5.3276    0.6432
15698.59     45.3434    32.5448     23.9564    15.2046     58.8729     41.8394   29.5307    17.0819     37.2680   23.0956    15.6479   10.4424     19.8626    9.4932     4.6725    2.0168    17.8703    8.0003    3.0808    1.2937
15723.27     42.3860    30.4545     21.3579    14.4753     56.3895     39.6190   28.0674    18.4102     35.6701   22.6933    15.2553    9.0122     19.8609   11.0053     6.3083    3.0596    17.5180    6.2833    4.0139    1.0489
15748.03     42.7139    29.9201     21.9331    11.4463     53.8490     37.9057   27.2614    16.8364     31.8185   22.0845    14.6696    8.7321     19.6491    8.8148     5.1164    3.6082    12.8639    8.9668    3.2957    1.5712
15772.87     39.4633    28.8333     22.8092    11.5188     50.7773     37.3113   27.3025    15.9930     32.3813   21.1694    14.8273    7.7043     16.1013    9.3298     4.1155    1.2363    14.2579    7.9129    2.7880    2.9632
15797.79     38.3708    28.5835     20.9299    11.5411     49.7413     36.0487   27.6414    16.2181     30.9551   19.1076    13.3472    7.5021     16.4262    7.9128     5.5391    0.6208    12.4525    6.4421    2.3233    0.9205
15822.78     37.1373    25.9600     20.0461    10.5916     48.2901     33.8529   23.8141    14.6606     28.0338   17.0002    12.0938    8.1997     15.8240    7.4437     3.0430    1.8600    10.2990    5.9534    1.2852   -1.1861
15847.86     35.0790    25.3850     18.7058     9.4181     46.5154     33.2651   21.9421    14.5707     25.4893   16.2201    11.0038    5.7677     12.7111    7.8254     3.7638    0.2675    11.2569    3.2420    1.6137    0.2617
15873.02     34.2587    25.8090     16.7510    10.5980     43.5368     31.2615   21.6603    13.4371     26.1953   17.3180    11.3571    6.1991     10.5987    7.3784     3.6602    2.2690    10.1032    4.5020    1.0119   -0.2654
15898.25     31.7488    23.6659     17.7458     8.2318     42.8845     30.2775   20.7040    12.6405     22.6670   15.0419    11.9939    6.8676     11.6229    5.4736     3.8518    1.4295     8.7154    3.2270    0.7895   -0.6809
15923.57     30.1244    21.0369     15.1371    11.0599     40.4828     28.2407   19.8481    13.7996     21.8839   16.0711     8.8511    5.1954     10.7926    5.6054     2.0812    1.9650     6.8107    4.0637    1.1726   -0.3104
15948.96     28.9500    21.2432     16.3515     8.1057     37.7080     27.5454   19.7364    11.5629     22.1951   14.6494     7.0397    5.8200      8.7086    6.3942     1.7710   -0.1239     7.0877    1.9266    0.6812   -0.0966
15974.44     28.0712    20.5114     14.9956    10.3609     37.6902     26.2242   19.7181    10.6725     22.6911   13.3784     6.3475    5.5161      8.1460    4.1654     1.5980   -0.1835     7.1444    3.4321    0.8652   -1.4667
16000.00     26.9654    21.0128     14.6233     8.2568     36.6415     25.3651   19.4584     9.9432     19.0708   12.5957     7.7823    3.4320      9.2948    3.2869     1.0382    0.0113     6.8421   -0.0122   -0.2146   -1.3336
16025.64     26.5114    19.5264     13.2247     6.8633     34.2447     24.0742   17.0106    11.3684     19.2195   10.9763     6.8880    5.2562      8.9077    3.2262     1.8364   -0.1802     5.5899    2.1662   -0.4593   -1.3445
16051.36     25.5171    17.4726     12.6700     8.5054     33.8681     24.2370   17.4757    10.2796     18.2807   11.1738     7.6655    4.5012      6.9832    1.7840    -0.0065    1.1076     3.9352    0.5268   -0.6280   -1.9323
16077.17     24.6694    18.5855     14.2669     5.7897     31.4918     22.0307   16.0076     9.3422     16.9043   10.7309     6.3978    2.2921      6.5503    3.0345     0.0684   -0.4271     3.4512   -1.3960   -1.8037   -0.7048
16103.06     22.2275    17.8880     12.1564     7.0775     30.3098     21.8758   15.9831    10.0799     14.9564   10.8517     6.0321    3.9224      6.1849    1.2459     0.3157   -0.6183     4.0179    0.2204   -0.6222   -0.6462
16129.03     21.8097    15.9385     12.8193     7.3185     29.0618     20.0265   17.2418     7.7946     13.6157    8.8422     5.1776    2.1197      5.4231    1.4310     1.0209    0.8919     3.0142   -0.4474   -0.2209   -2.2970
16155.09     19.9162    14.9412     11.2966     6.3254     29.8618     19.7730   14.3996     8.6791     14.0348    7.9325     5.6312    2.9318      5.1668    0.8514     0.4119   -1.7537     3.4910   -1.6919    0.1959   -2.4101
16181.23     20.8453    14.4825     10.5205     5.3675     26.6585     19.3205   15.0161     7.5830     13.4693    8.2812     4.1177    2.4949      4.8603    1.9803    -0.8975    0.2436     0.3967    0.2381   -2.0804   -2.5918
16207.46     19.3692    15.6159     10.5824     6.7758     24.9169     19.6679   11.6407     8.0615     13.5275    8.0768     4.3521    2.7419      2.0655    1.2342    -1.6377   -1.2248     3.4966   -0.8271   -1.3366   -0.8711
16233.77     18.7845    13.0719     10.6014     5.2977     25.8768     17.7884   12.2849     7.8963     12.7966    6.4360     4.1302    2.2319      3.9710    0.6373    -0.2865   -1.1591     1.5911   -1.0884   -1.1041   -2.6718
16260.16     18.0102    13.0072     10.5116     5.4662     24.0232     16.4652   11.4677     7.0785     12.5510    7.3387     2.9249    0.7286      3.5115   -0.4238    -0.8205   -1.3551     2.7862    0.4083   -3.1260   -1.6801
16286.64     16.3571    12.2891      8.3223     6.5294     24.0322     16.3828   13.0347     6.8394     10.4221    6.6470     4.6197    2.7806      1.4416    1.2117    -0.7294    1.0652     0.8835   -2.3195   -1.6529   -2.1566
16313.21     16.4664    11.5012      9.6226     5.8695     22.8560     15.9842   12.1605     6.6504     11.5280    6.1786     5.9879    2.4748      3.0625   -0.2937    -1.5919   -0.8941     1.0504   -0.7395   -1.0756   -2.0098
16339.87     16.9118    10.8524      7.5334     5.6997     22.5785     15.5666   12.1630     7.3493     10.1042    7.1227     3.4269    3.2942      2.4956   -0.3333     0.0141   -0.4012    -0.6645   -2.2100   -1.8011   -1.6496
16366.61     15.8959    10.7825      8.6016     5.3788     20.4032     16.1871   10.6116     6.9007      9.7562    6.4735     2.8149    2.9386      1.5944    0.7288    -1.3542   -1.5513     1.0053   -1.2805   -2.0517   -2.8336
16393.44     14.7017     8.6364      8.3335     5.1314     22.1579     16.6848   11.4695     5.1387      9.7379    5.5879     2.0032    0.8169      2.0539    1.7542    -1.5546   -1.8264    -0.1816   -2.0401   -1.9022   -2.6644
16420.36     14.8292     9.9167      8.4767     3.2247     20.9044     15.3881   11.9672     5.5038     10.8132    5.7915     3.3421    1.9146      2.3909   -0.9651    -0.2917   -0.3056     0.3874   -1.2668   -2.2256   -1.7915
16447.37     14.7428    11.0945      8.4496     4.7062     20.6320     14.5534   10.7699     6.2415      7.9561    4.7363     2.3839    1.3870      1.9360    0.7787    -0.6069   -0.8121     0.8339   -3.0895   -2.5790   -1.6004
16474.46     13.9704     9.5527      7.3631     3.2385     19.0145     15.3291    9.7107     6.3848      8.1997    5.3302     3.9634    1.7102      0.4917    0.1154    -0.9998   -1.2588     0.3825   -1.2027   -1.1856   -2.2067
16501.65     13.1153     8.8365      5.6568     5.2476     17.9977     12.5181    8.6143     4.4188     10.9414    6.1776     3.1778    2.3404      3.6504    0.3310    -1.1143   -1.4869    -0.5290   -2.2588   -1.9595   -0.7598
16528.93     13.2917    10.6677      7.5380     4.4950     18.0935     13.9400    9.5479     5.1581      7.9831    7.3266     3.1860    0.9539      2.0629    0.0513     0.4868   -2.4052    -0.2538   -0.9650   -1.0910   -2.4964
16556.29     13.1711     9.6578      5.9797     3.7485     18.5951     12.4212   10.2496     4.6645      8.7206    7.0495     2.0882    1.9892      2.4728    1.0021    -0.0531   -1.3578    -0.9615   -0.4474   -0.0292   -2.1969
16583.75     12.6768     9.3922      7.7525     3.1205     18.5106     13.3931    8.8484     6.4977      8.1107    5.8274     3.3517    3.3764      2.5323   -0.6598    -0.8214   -1.3205     0.2835   -1.9036   -1.5809   -1.3383
16611.30     12.8640     8.7642      6.3136     3.4974     18.3230     12.9715    9.6733     5.3931      9.6951    5.2826     2.3169    0.7840      3.4049    0.2732    -0.6902   -0.1893     1.8395   -1.3221   -2.5961   -3.1008
16638.94     11.0975     9.9736      7.7232     4.6319     17.4742     12.8589    8.6399     6.3815      9.5411    4.5704     2.3558    2.0411      3.5428   -0.5090    -1.2780   -2.1757     1.2936   -1.9400   -1.3092   -3.2309
16666.67     10.1207     7.9120      6.4328     3.7589     18.7163     12.8238    8.8801     5.9720      8.9315    4.1794     2.3016    2.3701      3.0471    0.4924    -1.1065   -0.8735     0.3012   -1.2536   -1.2337   -2.1660
16694.49     12.6592     8.1801      7.0068     4.0218     18.0510     12.5506    9.0984     5.3087      8.4521    6.8226     3.7740    2.3584      3.3587    1.4806     0.1717   -1.6968     1.1714   -1.0682   -0.7555   -2.5738
16722.41     11.3880     7.8127      6.3670     4.7573     18.0400     11.7770    9.0412     6.4508      8.5147    5.2572     2.2192    1.7799      3.6817    0.4917    -0.0625   -0.1832     0.0104   -0.9715   -0.5907   -1.0733
16750.42     10.9229     8.2826      6.8005     3.1277     17.2887     12.9168    9.6744     5.5769     10.7572    6.4849     3.7587    2.2277      2.1343    0.0479     1.6534   -0.9648     1.7383   -0.5801   -2.2988   -1.3759
16778.52     11.3970     7.7233      6.0201     3.6055     16.7750     12.9762    9.0922     6.8574     10.2269    5.6116     4.4429    2.8939      4.1086    1.1503    -0.4932   -1.2186     1.6007    0.1721   -3.2948   -2.5067
16806.72     10.9894     8.3808      5.9923     4.0549     17.2943     11.9983   10.5168     6.1460      8.5157    8.1449     3.1159    1.7480      4.1712    2.1261     1.7512   -0.5127     2.6314    0.2151   -0.8529   -1.2608
16835.02     12.5726     8.4276      4.7589     3.5809     17.2961     11.7375    8.5648     4.8903     10.3287    6.0707     4.2737    2.5690      3.4943    1.4077     0.5112   -0.0372     2.7468    1.4831   -0.0872   -2.7450
16863.41     10.6067     8.0780      5.5691     2.0707     18.7863     12.2040    8.4003     5.8800      9.3670    6.8811     3.4209    3.3834      5.4935    1.0258    -0.5875   -1.3735     2.8309    0.2604   -0.0090   -1.8717
16891.89     10.1232     8.4946      5.6357     4.2437     15.8189     12.7094    9.9518     4.8769     10.0066    6.8826     3.6289    1.2839      4.1512    1.8676     0.3968   -0.1869     3.3858    0.2974   -1.0314   -1.8627
16920.47     11.4038     8.4122      4.9293     3.1978     16.9744     12.6974    9.4379     5.2596     11.6040    6.7263     4.4835    2.5736      6.3096    2.8583     0.4394   -0.3253     5.2180    1.2486   -0.0189   -3.6515
16949.15     10.8152     7.1091      6.7555     3.5084     16.9291     11.1410    9.6845     5.8658     13.7732    8.9627     2.9213    2.3487      5.8120    1.9813     1.1587   -0.5302     3.8498    0.6789   -1.2008   -1.8971
16977.93     11.9632     8.3485      6.2301     3.2533     17.3492     12.8410   10.2102     5.6845     12.8099    6.3948     4.4268    1.5640      7.1589    3.0109     0.8539   -0.2407     4.1359    0.9370   -0.2188   -2.3058
17006.80     12.2625     8.9965      7.0169     2.5528     17.9205     12.4075    9.4404     6.4908     12.0280    9.1408     4.8888    3.5096      7.8968    2.5122     1.8902   -1.3194     5.7086    2.5004   -0.5971   -0.8342
17035.78     11.0688     8.5273      6.0690     3.5836     19.7724     14.3778    9.3408     5.9804     13.3429    8.5636     6.8323    4.0006      8.8184    4.1624     2.1771    0.1624     7.8043    3.8789   -0.3647   -1.6392
17064.85     12.2034     8.2798      6.9853     4.6213     18.0592     15.0251   10.1755     7.1996     14.5262    8.9058     4.7559    4.0476      8.7918    4.8598     4.0169    0.9881     6.6006    2.5557   -0.0840   -1.3742
17094.02      9.9459     7.2357      6.1213     2.0955     18.7081     13.7530   10.9989     4.7711     14.6058   10.8196     6.5456    3.6003     10.3152    4.9204     1.8352    0.0557     9.8188    3.7099    0.3575   -0.7262
17123.29     10.9442     8.9608      6.6005     3.6538     19.5682     14.3843   11.0462     6.9455     15.1843    9.2650     6.4159    4.4256      9.4114    5.4552     2.9474    0.5875     9.2655    3.4974    0.2898   -0.8435
17152.66     13.3015     7.6692      6.0823     4.2670     20.6787     14.7617   10.3324     6.0099     14.9701   10.3104     5.0883    2.4993     12.3397    6.8678     4.6550    0.8750     9.0572    4.2378    2.7066   -0.0629
17182.13     11.5152     6.4632      6.9742     2.9294     21.0298     13.8925    9.4313     7.7095     14.7852   11.3070     6.9360    4.6206     11.1059    6.3714     3.7995    0.7963    11.0620    5.2743    2.3718    0.5629
17211.70     12.8674     9.0815      6.5618     4.3561     20.3291     16.4287   10.7878     5.6372     18.0746   12.1589     7.8704    5.1975     13.1895    7.4353     2.8777    3.2599    10.4575    5.7351    1.6939   -0.5888
17241.38     12.3130     9.7389      5.6607     3.1941     23.8722     15.5003   12.4452     5.6481     19.1154   12.6031     7.4532    4.5314     14.4116    8.0473     3.7535    2.8462    11.9451    6.0044    2.0662   -0.2950
17271.16     13.4134     9.3891      5.3412     4.5402     21.9994     15.0363   12.1360     6.4276     19.3507   12.9908     7.9893    5.2310     13.0455    9.0861     4.7176    2.7957    11.9303    7.3762    1.8421    0.2622
17301.04     13.8531     9.8048      7.2370     4.6919     24.5204     16.1760   11.6652     7.4809     18.9314   12.3004     8.7149    5.9066     14.1530   10.5523     4.8348    2.0716    13.3407    6.2984    3.7905   -0.1300
17331.02     12.9551    10.8538      6.6244     5.2660     23.8783     16.6468   12.4315     7.0702     19.7964   13.8283     6.5673    6.5727     14.2849   10.0450     3.9594    3.1919    13.9962    9.0036    2.7614    0.0072
17361.11     12.2490     9.7551      6.7809     3.0421     23.4379     16.6014   11.2604     6.5213     20.9614   14.7951     7.3585    5.8714     16.6665   10.1608     7.1807    1.8853    16.1041    7.7035    4.3650   -0.2671
17391.30     12.5366    10.7885      6.0165     5.8556     26.6234     17.5501   12.4724     8.2530     21.0997   14.8010     9.9537    5.4686     17.3896   10.9345     5.8175    2.7890    17.9705    9.3824    5.4236    0.0540
17421.60     14.9275    10.2459      5.7010     4.0580     25.3243     17.9325   13.0335     8.3203     22.1654   14.3954    10.3301    6.1069     17.9575    9.9481     7.4460    2.7029    16.0708    8.2370    5.1251    1.2275
17452.01     14.8704    11.0803      8.1180     4.4551     25.6760     18.8041   13.8165     7.5065     22.7318   15.7298    10.0504    5.0395     17.9814   10.4387     4.9280    3.5569    15.9008   10.7614    4.4346    0.4117
17482.52     13.4601    10.7171      6.7148     3.9888     25.2037     19.3283   15.5312     7.3484     22.5125   16.1741    10.7916    7.1057     17.9080   12.4170     6.3442    3.9270    17.8671   11.3950    6.3339    2.0713
17513.13     14.4364    11.5472      6.8992     3.8306     27.3437     20.3180   14.4372     8.5826     22.3281   14.5057    11.1188    5.5373     18.1603   11.4659     8.1440    4.4813    18.4707   11.3500    7.1381    0.1202
17543.86     13.4413    10.7561      6.9710     4.9501     26.4027     18.6920   13.5854     8.9368     23.6207   14.9144    11.4315    7.7301     18.9490   13.1226     7.6635    4.2994    18.8636    9.8005    7.3144    1.9748
17574.69     13.8874    10.3262      7.4278     4.1588     25.8104     19.5699   13.2920     7.7024     24.4505   17.2586    11.5463    6.4421     19.8522   12.3084     7.3214    3.1823    18.0609   12.8497    6.0317    1.3463
17605.63     14.1460    11.4629      7.3592     4.6913     26.4720     19.2178   15.1075     8.5762     24.5056   17.8545    12.6296    6.5045     22.1075   13.5607     9.6915    3.2932    18.4644   12.7499    5.2131    1.4989
17636.68     14.5774     9.7702      8.1221     4.0281     27.2334     20.3655   14.5440     9.2152     26.1761   16.8930    11.2030    7.0800     21.1913   12.8427     8.3278    3.0004    19.2580   12.8917    7.3481    2.7005
17667.84     15.4416    11.5022      9.9827     4.4032     26.9918     19.4731   15.3086     8.0065     23.8012   17.7351    11.2872    6.2466     20.4462   13.2498     8.2901    4.6156    20.1534   12.5928    6.7471    2.8730
17699.12     15.0005    11.7780      6.8135     4.9607     29.2493     19.8378   13.6257    10.0487     24.8878   17.8791    11.3691    7.3095     20.2827   13.9697     7.6199    4.1123    19.2455   10.8632    8.5924    2.1292
17730.50     14.6594    10.3215      7.8230     4.9602     27.4596     20.7172   12.8548     9.3010     25.2561   17.7631    12.2902    6.3530     21.5269   13.2265     7.8702    4.9493    19.7134   12.4844    7.3637    0.3576
17761.99     14.6638    11.4675      6.4932     4.3877     27.4986     19.5228   13.7815     8.6246     24.7540   17.8017    13.4948    6.4840     19.5915   14.1444     8.3588    5.6046    20.9951   11.6885    6.8197    3.2172
17793.59     13.7865    11.6007      8.7396     5.0924     27.5656     20.0010   14.5448     8.9586     26.3792   17.4650    11.7015    5.9241     21.2994   13.0906     7.9588    3.3742    19.3884   11.3378    8.0885    1.9808
17825.31     15.0816    11.7456      6.0869     5.9409     28.3192     19.1784   14.6538     8.7961     25.5511   17.4887    11.6101    6.4692     21.0110   13.1495     7.5380    3.3798    19.5134   11.4391    6.3594    2.3430
17857.14     14.2422    11.5205      7.5266     4.8209     27.5868     19.2360   14.3175     8.4290     24.4378   17.0143    11.9009    5.9508     20.0766   14.4809     6.6286    3.9827    19.9098   13.2634    5.7861    2.6004
17889.09     14.6485    10.7302      8.1923     5.7373     29.4943     19.6144   14.3633     8.8596     26.4291   17.4364    12.3436    5.7690     21.3184   13.0146     7.2471    2.6739    18.7108   10.7877    5.2165    2.3690
17921.15     13.5296    11.7127      8.0553     7.1164     27.7414     21.1329   16.1118     9.5906     23.6275   15.7904    10.1247    5.4382     21.4524   12.7061     7.4877    3.5244    20.1606   10.1880    7.2558    1.8039
17953.32     15.3590    10.6376      8.9337     5.2076     25.6251     19.5194   14.4220    10.5099     23.8936   15.6874     9.6897    8.2286     19.3123   11.8882     7.1613    2.6018    19.2357   11.4680    6.3009    3.0913
17985.61     15.5809    10.1000      9.1260     5.0788     25.8621     19.2261   14.4406     7.3393     24.7265   16.9167    10.7094    5.6448     19.1471   11.0774     8.4831    1.4873    18.2053   10.0071    6.1339    0.5786
18018.02     13.6877    11.5485      8.5254     5.5138     28.4907     20.2694   14.1632     8.3996     24.1207   15.2270     9.4792    6.9511     19.0307   11.9164     7.7569    3.2421    16.9915    9.2625    5.3013    1.8919
18050.54     14.2886    10.2319      8.3062     4.9466     27.2240     18.1710   14.3542     7.0358     23.8304   13.4352     9.5764    6.5197     17.2407   10.8109     5.0561    2.4997    16.7841   10.1637    6.5844    0.1911
18083.18     16.5044    10.3137      9.4450     3.8835     27.8961     19.7254   13.6491     9.7081     22.0217   15.2310     9.2136    5.0265     16.9425    8.9226     4.9313    2.1668    16.0343    7.8900    4.9337    1.1267
18115.94     14.8963    11.6257      8.4906     3.8499     27.5575     19.9042   15.2025     8.7150     21.8365   14.4727     8.1602    5.0248     15.2140    9.6974     5.7294    1.7571    15.0145   10.2693    3.3268    0.2862
18148.82     14.6402    11.7902      6.3405     4.3018     28.3020     18.5441   13.2005     8.3943     21.6108   14.5170     9.6580    6.6978     17.9661    9.8196     4.9584    2.7718    15.1744    6.4812    4.3012    0.0855
18181.82     15.5392     9.7114      6.5523     5.0955     27.2030     18.3595   13.9643     6.2825     20.1381   14.7070     9.2138    6.2567     14.8782    9.9998     6.8566    2.2108    13.9623    7.0286    2.7940   -0.1863
18214.94     15.5163    10.3800      8.0398     4.8664     26.6804     19.6204   13.2407     9.0553     19.1458   13.0086     9.2412    5.3648     13.4238    9.3643     4.3595    1.7582    13.1141    5.3712    3.2879   -0.5926
18248.18     14.4023     9.8625      6.9554     4.0772     24.2499     17.1378   12.6215     6.7632     19.1438   12.3189     7.6919    4.4800     13.8669    6.2567     4.6018    0.7588    13.3919    7.3537    0.9791   -0.8047
18281.54     12.3186    10.2707      6.3068     6.5649     24.3333     18.2268   11.5579     7.7883     18.6842   11.8237     6.2245    4.1006     12.0152    8.6684     3.7888    0.8620    12.9358    3.7299    1.0174   -1.9174
18315.02     15.1021     9.8123      6.4303     4.6820     24.6835     19.9898   11.7998     8.8060     18.5158   12.7730     8.3113    5.3456     13.3137    6.0847     2.0390   -0.3434    10.2029    3.9573    2.2577   -2.0195
18348.62     14.2564     9.7354      7.0066     4.3314     24.1748     18.2041   12.9421     7.3806     17.6084   12.6369     8.6510    3.5351     12.7900    6.2037     3.2817    0.4077    11.2324    4.1725    0.7625   -1.2153
18382.35     14.7327     8.9497      6.8431     5.3676     23.2148     16.4355   12.3401     8.2489     17.0479   10.6305     7.9379    3.2970     10.4151    5.1047     1.9141   -0.4409     8.1938    4.4962    1.8447   -1.2154
18416.21     14.2882     9.9622      6.5054     3.1064     21.5969     15.7357   11.7872     7.2476     17.3382   11.0446     5.0873    3.7831      9.8391    4.3256     1.7700   -1.3119     9.4438    2.7189    1.9505   -2.7354
18450.18     13.5546    10.5061      6.7331     4.0303     23.6352     16.2639   12.7627     6.0778     17.1246   10.3739     5.7645    3.9942      7.6583    4.5596     0.0406   -0.8649     7.0188    1.9769   -1.4670   -0.8882
18484.29     13.4165     8.3185      7.6409     2.5003     21.8924     14.9240   12.8039     5.7099     15.3069    9.9144     6.0439    3.6328      9.3892    3.9789    -0.1662   -0.8179     6.6260    2.1293   -0.9546   -2.1322
18518.52     14.0942     8.6632      6.3255     4.2987     21.1364     16.4380   10.7828     5.6060     15.1531    7.6635     4.8800    3.2381      8.2355    3.5196     0.7866   -1.5594     5.9345    1.8205   -2.3180   -1.2275
18552.88     12.9818     9.0244      7.2465     3.3504     22.5384     15.6036   11.5844     6.2353     13.0292    7.4016     4.8921    1.5785      7.7246    1.9903    -0.5156   -1.8510     5.2292    2.4753   -0.7159   -1.7745
18587.36     13.1169    10.2921      7.2233     3.7414     22.0101     13.7282   10.2016     8.3588     16.4060    7.6204     3.9707    2.7330      6.0661    1.9169     0.2329   -1.2017     5.6852    0.1935   -1.3947   -1.9851
18621.97     12.5169    10.2767      6.8997     3.8797     19.8479     16.0835    9.9916     6.9405     13.1794    8.5541     4.6891    2.4081      4.2097    3.3165    -1.1353   -2.0764     4.2912    1.3275   -1.4605   -1.2214
18656.72     12.5998    10.0065      5.5948     3.2665     20.9720     13.8973    9.8236     6.2261     12.7942    8.3926     2.7477    2.6761      6.2317    0.5185     0.0178   -1.2905     7.1619   -0.4435   -0.8243   -2.4500
18691.59     12.6936     9.3288      5.7776     4.1959     21.1065     14.6411   10.9236     6.9949     13.4046    6.6854     3.0098    2.7443      2.7252    1.8599    -1.5762   -2.4931     1.5137   -0.5467   -0.3602   -2.7128
18726.59     13.5343     9.3131      7.6528     3.1091     22.5988     14.8400    9.7543     5.7053     12.1670    7.5215     4.2806    1.6355      4.7126    2.1244    -1.2359   -2.8156     0.9365   -1.0116   -2.1413   -3.2889
18761.73     12.8377     8.0828      5.9740     2.8619     20.6199     15.5257    9.5488     4.9512     10.3830    6.7560     2.1849    1.7454      3.0567    0.3058    -1.7631   -3.3763     2.2562   -1.3545   -2.2651   -2.4467
18796.99     13.2891     9.1559      6.6934     4.4218     21.3592     14.8169   10.6129     7.0726     10.5492    6.4296     2.8925    1.0948      2.6855   -1.0784    -2.5348   -1.8667     2.4137   -0.4550   -2.4511   -2.8901
18832.39     13.7136     6.6115      6.8640     3.6947     20.8186     14.8309    9.5152     6.7081     11.2170    6.9844     3.6044    1.2404      4.1112   -0.3570    -2.9314   -1.9602     1.4240   -1.9646   -2.7562   -4.6464
18867.92     13.5555     9.0679      5.9723     2.8310     19.5511     14.5930    9.4680     5.0131     12.1341    5.8155     3.2429    0.7519      2.6006   -1.0100    -2.1768   -3.0449     0.6595   -1.8898   -2.9121   -3.5738
18903.59     10.9672     8.7050      5.8964     2.3706     19.1264     13.8226    8.7667     6.1210     11.1671    8.0808     2.8388    3.7636      3.0281   -0.5223    -2.3387   -3.0965     0.9724   -0.3607   -5.3794   -4.6306
18939.39     12.4756     7.5857      4.8813     2.5207     19.8774     12.8539   10.6855     6.4977     10.1195    6.6638     2.0105    2.3305      1.4317    1.5848    -0.8733   -2.3721     0.6548   -1.7028   -4.7446   -3.6746
18975.33     10.5945     8.1455      6.0529     3.4111     19.2604     13.2758    8.2751     7.3779      8.9304    6.4308     2.5949    1.4457      1.3511   -3.3984    -1.6864   -1.6711     1.6047   -2.0070   -2.1590   -5.5711
19011.41      9.8718     6.6593      6.1338     2.2316     17.8711     10.9803    9.6958     6.0037      9.1771    5.0977     2.3188   -0.4017      2.7904    0.3159    -2.9209   -2.1407    -0.8053   -2.7941   -3.8792   -3.5372
19047.62     10.5549     8.8286      5.4500     4.0638     18.0039     12.4486    9.8083     4.9611      7.0762    4.4154     1.5726    0.4826      2.0428   -0.3955    -2.5960   -1.4847    -0.8805   -2.7059   -4.8091   -2.6103
19083.97     10.3616     8.4969      4.5111     3.1927     17.9993     11.7344    8.0572     5.4199      7.8374    3.3758     3.8881    0.5048      1.7905   -1.5146    -3.0998   -4.0419    -0.8701   -3.5911   -2.9711   -2.5553
19120.46     10.8350     7.2474      6.6413     1.9121     17.7878     11.5620    8.9662     5.6132      5.6404    4.4034     4.0005    0.7412      1.2319   -1.5320    -3.2814   -2.0468     1.2303   -4.1029   -1.6539   -3.2660
19157.09      9.3595     7.5193      5.6478     3.0535     16.7750     12.6596    8.2015     5.3761      7.5066    4.0575     0.3207    0.4414      0.6099   -2.2136    -2.3293   -0.5543     0.5116   -2.6512   -3.6771   -4.3539
19193.86      8.8847     7.8258      4.5083     2.3552     16.3508     10.3239    9.5111     5.2781      6.4387    4.0913     2.4522    0.5297     -1.3789   -2.4671    -3.4057   -1.7523    -1.7115   -3.5011   -4.8877   -2.4298
19230.77      9.3200     7.2390      4.7067     3.0933     17.6285     12.8244    7.4307     6.2311      6.2214    3.5792     2.2161    1.1205      0.4501   -0.6751    -4.5587   -1.8303    -1.7708   -2.6052   -4.0248   -7.2754
19267.82      8.5198     7.6157      5.6714     3.0886     17.5488     14.0495    7.3902     5.8669      6.9317    4.3221     1.7218    2.3024      0.7724   -1.9372    -2.2112   -1.9309    -1.1381   -4.6577   -4.1468   -5.2202
19305.02      7.0913     5.6371      3.4527     3.5445     16.6763     11.1640    7.9364     6.0474      5.3250    2.8058     4.1448   -1.3108      0.8695   -1.5401    -3.7735   -3.6990    -2.1589   -3.0272   -4.4074   -5.9001
19342.36      8.5706     6.6964      5.7402     3.1508     17.4661     10.7604    6.9120     3.6840      6.5716    3.3966     1.0943    1.3849     -0.1093   -1.9353    -3.9244   -2.2383     0.2507   -2.7175   -5.2070   -4.5937
19379.84      7.9352     7.4531      3.6588     3.0504     16.1990     11.9784    6.7791     1.9466      5.8049    3.8930     2.7671   -0.5191     -0.0780   -0.3464    -3.5897   -4.4290    -0.7995   -3.8827   -3.6750   -4.3279
19417.48      8.6665     5.5145      3.6723     1.5738     14.1753      9.6955    7.8053     3.8677      5.3518    3.1329     0.6634   -1.3457      0.7762   -1.8306    -3.7403   -2.3201    -1.3773   -3.0462   -5.6506   -4.6157
19455.25      7.5587     5.0904      5.2575     2.3051     13.8892     10.0445    6.1395     3.5103      6.9181    1.3771    -0.8902    0.7183      0.1865   -1.4513    -4.4931   -2.5351    -0.8379   -3.8523   -4.5445   -4.1202
19493.18      7.0326     5.1362      3.0005     2.5660     13.9368     10.1519    7.5022     3.8465      5.1178    1.8119    -0.2201   -0.6576     -2.3230   -4.1987    -4.8957   -4.2024    -2.0044   -2.8536   -4.3984   -5.5415
19531.25      6.4230     5.8131      3.5057     0.7995     13.9784      8.8893    6.8776     3.3557      5.4097    1.4475    -0.4301   -0.1302     -0.8988   -3.9369    -3.6323   -2.1925    -1.0824   -4.5065   -7.1916   -5.6027
19569.47      6.5013     4.8881      4.7642     1.4853     11.8348      8.5817    6.4025     3.8369      5.2973    1.1251     0.0776   -1.6361     -2.6870   -3.4425    -1.7242   -3.2108    -2.2746   -3.9356   -3.5386   -4.7908
19607.84      5.4036     4.2450      2.2137     3.2059     12.4464     10.2042    7.1478     2.9473      4.2418    1.3056     2.5914    1.5738     -0.3348   -3.3282    -1.8344   -4.7579    -1.7075   -2.9838   -3.3525   -4.0428
19646.37      6.6135     3.4585      2.8110     2.5592     10.8122      6.1387    5.3706     3.5688      5.7993    2.6877     1.0909    0.7720     -0.6770   -1.1745    -3.4051   -3.2460    -3.1315   -3.7216   -6.3520   -5.0328
19685.04      7.3951     3.5941      2.9781     1.4188     10.6094      8.7401    5.8933     3.3792      3.2190    1.1728     2.2997   -0.4247     -1.3731   -4.8014    -3.9978   -3.8223    -1.8143   -3.7626   -4.0466   -3.3144
19723.87      4.6517     3.9047      3.7183     2.2952     11.7352      7.2355    4.5052     2.6620      5.0669    3.2657     2.1740    0.7187     -2.4305   -1.5555    -4.7334   -3.6034    -1.9957   -3.9243   -2.7786   -5.0613
19762.85      2.7944     5.5591      4.2202     1.3787      9.8574      7.3358    5.3718     3.1281      2.3631   -0.5586     0.7732   -0.5862     -3.5537   -2.0065    -4.0781   -3.7559    -1.0485   -3.2039   -4.3956   -4.4455
19801.98      4.0894     3.5663      0.9877     1.8316     10.4688      8.2006    4.6631     2.2978      3.2768   -1.1295     0.3450   -0.9262     -1.6971   -3.6418    -3.6288   -3.6735    -3.3745   -3.9296   -5.2338   -4.9911
19841.27      3.8899     3.4601      2.8495     1.7570     10.4301      6.9576    6.6357     4.6814      1.5412    1.4745    -0.5311   -1.5974     -1.9159   -2.3489    -2.3479   -3.3764    -3.0324   -5.3534   -6.0019   -5.5428
19880.72      3.6316     4.2660      4.4547     0.4401      8.8345      6.3019    5.0962     3.6374      2.7929    0.5287    -0.6058    0.2294     -1.7885   -2.0307    -3.9399   -2.7854    -1.0224   -2.3619   -6.7952   -6.3911
19920.32      4.6112     3.2662      1.8769     2.1172     10.9590      6.7351    4.3911     1.5572      2.5301   -0.1508     0.2885   -0.2992     -2.7629   -2.8866    -3.2205   -4.6623    -1.6949   -3.1915   -3.4457   -6.1835
19960.08      1.9476     3.7282      2.9555     1.4697      9.7507      6.4878    3.9951     1.8932      2.7392    1.0310     0.8462    0.6240     -2.7246   -3.1556    -4.7598   -4.3595    -1.7224   -3.6990   -4.9893   -4.1674
20000.00      3.6052     4.0596      2.2207     0.6571      9.1464      3.0138    5.4628     2.3186      2.5627    1.1373     1.0082   -0.7414     -1.9344   -3.2140    -3.4665   -5.1058    -2.5490   -3.9800   -4.9223   -6.7507
20040.08      1.0201     0.8084      2.8125     1.5186      7.7537      5.9496    3.6516     1.3451      2.1530   -0.1670    -0.2444    0.0811     -2.3765   -3.6072    -3.7904   -4.0217    -1.4468   -4.5725   -4.0908   -4.3561
20080.32      0.1329     2.4508      0.4073     0.2616      6.5985      6.8175    3.2161     2.0573      1.4611    1.1798    -0.8298   -1.6110     -1.0556   -3.7632    -4.7283   -4.0339    -1.0017   -4.1828   -3.3526   -6.4271
20120.72      2.6504     1.2192      0.8446     1.8582      7.0219      5.5062    4.1061     3.5605      2.1626    0.3626     1.4244   -0.0193     -2.5716   -3.4977    -3.0616   -2.0407    -2.6541   -4.2272   -5.7878   -5.9563
20161.29      3.7066     3.6082      1.0275    -0.0253      7.2453      5.4488    4.2009     3.0790      2.0840   -0.1393     1.1274    0.0944     -1.4977   -2.6090    -4.2563   -3.0197    -3.0760   -3.7670   -5.0196   -6.0307
20202.02      3.2030     1.4825      0.3439     1.0037      7.0348      3.1914    4.7023     2.5420      4.0014   -0.3040    -1.4947   -0.4989     -2.7597   -2.7319    -3.2129   -2.0079    -1.2745   -2.0021   -6.8116   -3.4690
20242.91      0.5423     0.7090      1.9174     0.2696      7.5594      5.1377    2.8655     1.9836      1.9746    0.5564     0.1582    0.1996     -3.4197   -3.6162    -2.5177   -4.7951    -2.6696   -2.8897   -5.2801   -5.3293
20283.98      3.1427     1.5743      0.5820     0.4076      5.4929      4.6958    5.0598     3.3740      0.9270   -0.4609    -0.7105   -0.4462     -2.4912   -4.2006    -4.6963   -2.6051    -2.7986   -5.5524   -5.0152   -4.6220
20325.20      1.8767     1.3011      1.3449     1.0069      7.6532      6.7737    2.5839     1.5337      0.7890    0.0898    -1.9979   -0.5235     -0.8262   -1.3681    -2.8131   -4.2078    -2.1048   -1.1888   -3.9710   -5.1631
20366.60      1.4446     0.5508      0.7702     1.5014      6.4238      6.8487    3.4013     2.1578      0.8595    1.6177    -1.2221    1.5342     -2.2688   -4.5145    -3.6453   -3.0947    -1.9222   -3.3332   -3.4056   -2.0384
20408.16      1.7111     1.6222      2.1216     0.7782      6.5433      3.3688    3.1999     2.5105      1.8956    2.8360    -0.8061    0.2215     -2.5616   -3.2673    -3.0513   -3.0130    -1.4952   -2.9135   -4.4302   -4.6261
20449.90      2.1712     0.6699      2.4567    -0.2012      6.9000      3.8114    2.4180     1.7654      1.2671    0.1556    -3.4394    0.7005     -3.2271   -2.9544    -3.2210   -2.3407    -2.3024   -1.1010   -4.8889   -4.2315
20491.80      1.2712     0.9809      2.0657     0.2492      8.6686      4.7244    2.7906     1.3764      2.3754    0.7864     1.5180   -1.1947     -0.5747   -3.6006    -2.8350   -3.0301    -1.1207   -3.3208   -2.8101   -2.4458
20533.88      2.0157     0.6140      2.2939    -0.3458      6.7622      4.7430    2.3547     2.2896      1.1921    1.0327     1.6125   -1.2894     -0.6792   -2.4984    -3.1738   -1.7280    -1.4443   -3.3403   -3.2237   -2.3979
20576.13     -0.2801     1.2043      0.6541     0.4846      6.7660      5.2811    2.0867     1.8691      1.6528   -0.4587    -0.8799    1.0234     -0.7959   -1.3333    -3.9478   -1.6461    -0.6344   -2.8165   -3.8064   -4.2515
20618.56      0.1475     0.4007     -0.8440    -0.8411      7.4251      5.2799    4.1204     1.8172      3.2430    0.4074     0.8501   -0.3872     -1.0332   -0.3871    -1.8832   -2.8729    -0.1497   -0.9440   -1.9053   -2.3285
20661.16      2.4913     1.0275     -0.5320     0.0933      4.3419      6.9154    4.6327     4.2399      1.6161    1.2993     0.0244   -0.9915     -0.5554   -1.2230    -1.3729   -1.2193     1.4118   -0.8722   -1.4069   -3.5640
20703.93     -0.4978     0.6190      0.6103     0.3124      6.6596      5.3055    3.6213     1.8576      3.3143   -0.6277     1.6275    0.6471      2.4505   -1.0543     0.3519   -1.2944     0.5866   -0.0956   -1.1241   -4.2432
20746.89      0.2019     0.1152      0.8772    -0.2657      5.9100      4.5730    3.5465     2.4629      3.8248    0.3956     1.6937    0.3899      0.9204   -0.9276     0.0602   -1.9419    -0.7621    1.9634    1.2890   -3.0867
20790.02      2.2232     1.1106      1.2335    -1.1448      5.9782      4.7570    3.9610     2.8538      3.1474    1.4834     1.9953   -0.3051      2.7195    1.1972     0.2148   -1.1901     1.7541    0.1932   -1.8672   -1.3337
20833.33      1.9686     0.9161     -0.8409     0.5901      6.0577      4.1567    4.7035     1.5944      2.5627    4.0892     1.9144    0.4652      2.8936    1.4507     2.1219   -0.5884     1.8974    2.6949   -0.7715   -1.1683
20876.83      0.0512    -0.9435      1.7835    -0.1132      5.0764      4.7525    3.1585     1.9943      5.8115    4.2323     1.8999    2.4548      3.2056    0.2925    -0.5842    0.5433     2.7724    2.8953   -0.0584   -0.0825
20920.50      0.8828    -0.0704     -0.5868    -0.0492      7.5650      5.2139    3.7700     2.1815      4.6298    4.7410     1.7168    2.0591      3.6629    2.1567     1.9856   -2.5933     4.0581    2.7024    0.2277   -0.8722
20964.36      1.6635     0.2373      0.0279    -1.5979      8.1969      5.3006    6.0108     3.2859      4.8387    2.7907     1.6799    2.1790      5.0036    3.4410     3.6573   -0.3614     4.4766    4.6669    3.0397    0.8992
21008.40      0.3568     1.7508     -1.4574     0.2948      7.2095      5.6585    4.4351     1.1615      7.7262    6.3607     4.2018    3.1851      5.4669    3.5434     2.0777    0.5358     6.8587    7.0741    2.4454    1.6642
21052.63      0.3987     2.8005     -0.0195     0.5471      7.3517      5.6412    4.2009     1.2084      7.1124    5.8361     3.5926    3.4864      5.4697    5.1096     2.7344    4.2058     7.0185    6.2094    2.9221    0.4367
21097.05      1.1356     0.3965      1.5571     0.2424      8.1233      6.6559    3.4660     2.3329      9.0431    7.1968     4.9141    3.0051      6.3887    6.2590     4.0690    1.6989     5.9557    7.2847    5.0069    2.3658
21141.65      0.0432     1.5998      0.5488     0.5389      8.7712      6.4341    5.2263     2.6703      8.4350    6.3434     5.5042    2.9179      8.4282    5.4936     4.0584    3.4022     9.2728    6.7124    6.4569    0.8658
21186.44      2.1356    -0.2625      0.4644     1.5016      9.9253      7.5444    6.6010     4.5378      9.7938    9.1189     5.6033    4.5145      8.9722    8.4047     5.3232    2.7349     9.2792    7.8697    6.0647    2.6228
21231.42     -0.4594    -0.4811      2.4060     0.0566      7.5874      6.5930    4.7881     3.9545     11.3441    8.3036     3.6802    4.0479      9.5415    7.7898     4.2373    2.3059    10.7020    8.4184    7.6990    2.0884
21276.60      0.8271     0.4655      0.2413    -1.6204      9.2984      6.6785    7.0944     3.9073     11.1940    9.6711     6.2732    3.9214     10.2367    7.9823     6.1253    3.7742    10.8987   10.0909    6.6182    3.6095
21321.96     -0.7638     0.6072     -0.0412     1.2850      6.7588      8.9101    5.7986     4.6927     12.8909    9.1990     5.9195    5.1366     11.2988    9.2953     7.0367    6.1677    13.5194   10.5746    9.7283    3.6847
21367.52     -0.9673     1.6675      1.6794    -0.8994      9.1043      7.0390    4.3567     5.0338     12.3462    8.4128     8.3667    3.1665     10.2302   10.3426     6.9201    3.7976    11.6109   10.6637    8.6729    4.0006
21413.28     -2.4023     0.1674      0.8049    -0.0389      8.1696      7.7263    4.1417     3.5607     12.7322    9.6418     5.7561    5.9941      9.7994    9.2198     8.1786    5.0430    12.9256   12.2888    5.6441    4.0179
21459.23     -1.0572    -1.7863      0.8042    -0.1361      8.1142      7.1342    5.2861     3.7933     11.5118   10.8133     9.1197    4.7674     11.2282   11.2462     7.7720    5.1241    13.6938   11.4137    8.3462    6.7514
21505.38     -1.1088    -2.5715     -2.0875     0.0927      7.9898      6.7652    5.9262     4.4945     11.5574   10.0617     6.5927    5.4375     12.2335   13.5793     9.8830    5.0393    14.1169   11.8978   11.8949    6.0733
21551.72     -1.2074    -1.7278      0.6953     1.3368      8.1794      6.2654    5.6722     3.3787     10.7248    9.6153     9.0187    4.5960     12.8959   12.2851     9.7744    3.3558    14.7828   12.5200   11.3099    7.7214
21598.27     -0.4936     2.0360     -3.1011    -1.7095      9.1063      7.4495    4.3495     2.8060     10.4975    9.9903     5.7271    4.2996     13.0622   11.6582     9.7569    6.1637    17.0259   14.5557   11.7466    8.0412
21645.02     -2.6143    -1.6498     -1.5636    -0.6260      7.7348      4.4960    5.0787     4.9183     13.5072   10.5701     9.2321    5.8350     13.3580   13.5631     8.6573    7.0610    15.8141   12.5673    9.8314    6.4651
21691.97     -1.9210    -1.1946     -1.2299     1.3788      9.5431      6.4091    5.7071     4.2968     11.4606   10.1622    10.3768    6.2492     14.8859   13.2501    12.9282    6.1471    15.6816   17.0470   13.1679    6.0800
21739.13     -2.4473    -1.3169     -0.5383     0.5265      8.1445      6.5000    4.7000     3.4012     11.6236   11.0985     8.6571    5.3202     12.7987   14.2797    10.5311    9.2749    17.4169   14.0333   11.0417    6.7161
21786.49     -4.0117    -2.6311     -1.6165    -0.8876      7.8160      4.4630    5.6967     2.4476     14.4935   11.4008     9.3925    3.3240     14.9135   12.5945    11.4465    7.1669    17.7739   15.0648   12.1871    9.5130
21834.06     -3.1646    -2.8045      0.7159    -0.5726      7.6178      5.4137    6.1439     3.8731     13.9169   11.1192     8.8685    4.0877     15.4548   14.8986    10.9775    9.8102    16.8478   17.2628   14.1177    9.2149
21881.84     -0.9024    -0.8752      0.4441     0.4742      7.6168      7.0091    5.5270     4.1227     13.6743   14.0534     9.6633    6.1364     17.2480   12.7042    13.7499    7.4756    20.2006   16.4931   12.7856   11.1983
21929.82     -1.5804    -0.2154     -0.5796    -1.3545      8.8183      6.4195    5.8117     3.1590     14.9757   13.3641     9.0857    7.1199     15.7729   17.1778    12.2587    6.3902    18.6572   17.7129   12.3190    8.5942
21978.02     -1.9822    -1.1994      0.6494    -1.5183      9.8260      7.7473    5.3403     3.5526     16.1282   14.2974    10.6688    6.4991     16.1004   15.2280    13.5678    8.5606    19.0249   20.1378   15.1510    9.8863
22026.43     -1.7542    -1.6410     -1.7888    -0.8982      9.1668      6.6622    6.3608     4.7804     15.2146   12.9185    10.6265    7.0656     18.9063   17.2458    14.2753    7.5947    21.9061   17.3168   15.2834    9.5938
22075.06     -3.5102    -1.7871     -0.4480    -1.9294     10.2305      8.7468    7.5085     4.4994     15.2715   13.6995    10.8338    6.0051     18.8283   16.7297    14.4212   10.1653    19.4384   18.2846   16.8181   10.3168
22123.89     -2.6938     0.9461     -1.2440    -0.4153      9.9431      6.3325    6.6185     4.4116     16.8590   14.7232    13.1303    9.2362     19.0620   19.8735    16.6785    8.9955    21.9176   19.2586   16.9239   11.0367
22172.95     -1.2982    -0.4350     -0.2423    -1.5819      8.8536      9.7256    5.6786     2.3706     16.9527   15.8778    12.6503    8.2791     20.2883   19.9327    18.8973   10.6775    22.0981   20.0586   16.7428   13.4719
22222.22     -1.0888    -1.4219     -0.9748    -0.8712      9.2271      8.9371    9.0846     4.3366     18.3849   14.3473    12.1568    9.6400     20.7364   18.3230    16.5804   11.4662    24.3841   20.3657   19.7489   13.8297
22271.71     -2.5700     0.0246     -0.9638    -0.5677     10.4908      8.4928    6.4727     4.3532     18.6120   17.7462    13.2035    7.4803     23.2636   21.6252    16.5911   10.8393    25.2295   22.3687   20.4188   13.5271
22321.43     -1.5641    -1.7841      1.5046     1.4569     12.9294     10.2230    7.4064     5.1052     18.1843   18.3485    13.8325    8.4738     23.8468   19.8549    16.6941   11.6322    25.3588   24.6593   23.1479   15.8183
22371.36     -2.2379     1.6186     -1.3352     0.0543     14.5519      9.9082    7.6885     6.7691     18.9299   18.8094    15.3964    9.5928     23.8074   20.8509    19.1319   13.4156    27.3175   23.9459   20.5845   15.9249
22421.52     -2.0044    -0.3698     -1.2066    -1.1728     13.7049     10.7074    5.2788     5.5793     20.5290   18.1754    14.1174   11.4769     23.2293   23.4310    18.6455   12.3814    29.2662   26.7246   23.6985   17.4459
22471.91     -2.4488    -2.2203     -1.8463     2.1156     12.9919     10.9810    8.1692     5.6945     19.1676   18.0613    12.2999   10.8362     25.6319   24.3396    19.3080   14.5998    29.7084   23.8015   22.0064   14.0816
22522.52     -1.8494     0.8922     -1.3805     0.4569     12.2505     10.5071    7.6263     4.8104     22.1659   20.6860    15.0501   10.9694     23.8964   23.1693    20.3278   14.2881    28.3495   27.0823   23.6720   15.2812
22573.36      0.2182    -0.6076      0.1501     0.4405     12.7347      8.9746    8.9899     4.5419     21.4600   19.2708    15.1584   12.7876     26.9037   24.8897    21.5788   14.4331    30.6679   28.0645   24.3330   18.4783
22624.43      0.3627    -0.8232      0.0519     2.0536     14.0915     10.5786    7.0190     2.6839     22.3049   19.5520    17.3126   10.5732     25.6342   25.6662    20.9275   13.8938    29.6279   28.5974   23.1750   18.3133
22675.74     -1.2228    -0.8895      0.3741     0.2907     11.3036     10.0029    7.9487     3.4359     20.7406   18.1161    18.0977   10.8268     27.2022   26.4283    21.5130   15.7889    30.5321   28.4207   25.4815   18.1569
22727.27     -0.0406    -2.9825     -0.6065    -0.8402      9.6993      9.2614    9.1433     5.7154     19.3262   18.3163    18.1489    9.3531     26.1999   26.2470    23.1213   14.8983    31.8298   27.7887   24.4988   18.0831
22779.04     -2.3461    -0.7750     -3.1890    -0.6165     11.4084      8.0830    8.7697     4.5959     21.0629   21.0339    17.2781   10.4170     26.2952   24.5777    24.6652   14.6445    32.3715   29.3896   25.0501   20.5583
22831.05     -5.0978    -3.2393     -1.9564    -2.7376      6.3528      9.4132    7.2965     4.7643     18.1441   19.3779    15.9947   14.0971     25.5268   28.3180    22.0070   16.8395    31.1202   29.5262   27.8806   21.3823
22883.30     -5.7128    -2.0187     -4.7143    -1.1334      7.2857      8.5739    7.4866     1.9474     20.3820   19.1168    15.9922   11.1605     26.7622   25.8898    21.6136   18.2092    31.7011   30.0928   28.2177   20.6898
22935.78     -4.2515    -2.9000     -3.3127    -1.4336      5.6447      5.0869    5.7548     5.7032     18.7848   16.1766    13.6490   11.3841     24.9474   24.5660    25.4307   16.8704    28.3248   26.3154   27.3783   22.0286
22988.51     -9.0922    -6.5783     -4.1972    -1.7401      4.1419      6.5429    5.2329     3.3721     17.0469   16.8844    16.7246   11.2015     23.8677   23.9011    21.3290   17.3492    28.1517   27.3642   24.8612   23.5024
23041.47     -6.5688    -4.0853     -3.2786    -2.7396      4.0202      4.6280    3.6885     4.1581     12.5039   17.7411    16.0003   10.8063     21.3732   23.1107    21.1094   15.2298    28.7911   28.5888   24.6407   24.0100
23094.69     -8.8100    -6.5443     -5.0944    -2.9666      2.5595      4.5438    4.8871     3.0922     15.4648   15.6921    14.2530   10.9432     20.1669   22.4322    21.3277   18.6832    25.6172   26.1710   26.5613   19.2763
23148.15     -7.1963    -7.0041     -3.9059    -4.1181     -1.6341      2.6677    3.1228     3.2842     11.4786   14.3109    14.3252   11.1982     18.7872   20.1802    23.7016   16.4240    24.7961   24.6550   25.6386   22.2645
23201.86    -11.4824    -8.2453     -4.8527    -5.4874     -0.9998      2.1232    1.9260     1.1374      9.9851   11.4962     9.4767    7.1048     19.9215   18.7497    19.0322   15.0472    22.4262   23.5515   24.3579   20.3906
23255.81    -12.0548    -6.0982     -6.0950    -4.4534     -0.0542      1.2740    1.2922    -1.1429      6.0465    8.4856    10.0200    6.5923     12.7770   15.9474    15.6166   13.4469    19.7556   22.0632   22.5797   16.9232
23310.02    -10.8894    -8.9240     -5.5268    -1.8120     -3.9109      0.5582    0.9918     0.3590      4.9428    9.8438     9.7567    7.2115     10.7519   15.3095    15.5051   13.6811    15.0542   20.7568   17.0039   18.5964
23364.49    -12.6399    -7.1059     -4.4354    -5.3025     -7.8810     -0.8040   -0.7430    -2.2506     -0.3564    8.0794     6.2526    5.1004      6.5356   11.3211    15.5353   11.0303    11.8988   15.2589   18.9351   16.1746
23419.20    -13.7797   -10.1396     -7.0672    -1.3003     -8.7206     -4.4249   -2.1800    -2.2123     -3.0892    1.6348     7.5780    3.6913      2.9713   11.7646    10.7204   12.3282     7.8683   12.2309   16.8934   15.3899
23474.18    -13.5622    -7.0853     -6.1194    -5.0601    -11.7250     -6.5222   -2.9912    -2.0772     -6.1132    0.9474     0.6604    1.9438     -1.3060    4.5967    10.0802   10.2168     3.3306   10.8343   14.5044   14.0403
23529.41    -13.4983   -10.1946     -6.6096    -4.2905    -11.8833     -6.7150   -3.1868    -1.0953    -11.3801   -2.8241     1.8329    1.2248     -8.4150    2.2605     4.2491    6.0488    -2.9142    5.7775   10.8110   10.6232
23584.91    -14.1708    -8.8102     -7.7110    -1.6063    -14.9026     -7.8690   -4.4912    -2.9431    -15.5419   -6.9315    -3.1200    1.0257    -16.4920   -2.9599     1.5008    3.8538    -9.9362    4.8725    6.8623   11.6363
23640.66    -16.9910   -11.1065     -8.7941    -5.9243    -20.7484    -10.1822   -7.9655    -2.0629    -22.1993   -8.8277    -6.7800   -0.0578    -17.8752   -8.9701    -0.4347    2.0048   -13.5375   -5.5882    5.3358   10.9577
23696.68    -18.9462   -12.3293     -9.7793    -4.4461    -23.9482    -14.5028  -12.0694    -6.4379    -28.4997  -17.7454   -10.6371   -5.3316    -24.0226  -15.4796    -1.8821    2.1202   -21.3264  -11.2855   -1.2258    7.1918
23752.97    -17.8515   -13.9731    -12.7944    -6.7087    -28.5528    -20.3766  -13.7712    -9.2832    -35.2794  -21.6639   -15.9039   -6.4208    -34.2758  -17.2811    -8.2751   -1.9946   -30.4265  -13.8599   -5.1247    6.4779
23809.52    -21.5551   -14.6317     -9.8476    -5.5563    -36.9575    -22.6932  -15.7633    -9.2199    -44.1950  -28.4756   -20.0816   -9.1147    -42.8939  -26.1587   -12.8185   -4.8677   -38.4963  -22.5632   -8.4833    2.0239
23866.35    -22.9244   -17.1654    -14.2410    -7.7725    -41.2163    -31.0155  -19.2029   -11.2667    -54.3837  -36.1769   -23.6777  -13.8909    -53.8518  -31.4653   -19.1024   -6.7533   -49.5767  -27.5556  -12.6476    0.9463
23923.44    -27.2708   -21.0954    -16.5079   -11.6122    -47.6939    -33.8302  -24.3008   -12.1627    -62.1215  -43.1901   -28.9560  -14.5458    -63.3030  -42.4676   -26.3279   -6.5499   -57.6801  -38.1006  -18.8162   -0.5261
23980.82    -37.8056   -25.9302    -16.2620   -10.9000    -58.6084    -42.2572  -27.4382   -19.6084    -73.9747  -54.5353   -38.8325  -17.6794    -76.7672  -48.2001   -30.9805  -16.3797   -70.5356  -47.2458  -26.9042   -6.9215
24038.46    -37.7807   -28.8879    -19.1304   -11.3914    -66.1444    -48.3153  -32.8576   -18.7263    -85.4418  -64.1901   -43.7865  -24.2067    -87.3245  -60.6068   -37.2111  -18.4439   -81.8156  -53.0224  -30.1982   -8.6369
24096.39    -47.2966   -33.3028    -23.0177   -10.7936    -77.6552    -56.3612  -39.1326   -24.0622    -98.6205  -70.6218   -46.5393  -27.9023   -102.2082  -69.7407   -49.2112  -22.6470   -96.6755  -65.0664  -38.0119  -11.7019
24154.59    -49.7251   -38.8932    -27.8304   -16.3529    -86.0588    -62.7942  -46.4151   -29.5767   -114.6192  -80.0038   -57.2960  -30.8119   -119.0986  -79.2828   -51.7540  -28.1683  -108.8705  -76.2283  -47.1493  -17.4079
24213.08    -59.2782   -41.6307    -32.5801   -20.3714   -101.7430    -73.9339  -47.6410   -32.8444   -129.3879  -91.7768   -62.3441  -37.2373   -133.3197  -91.2529   -64.7161  -32.8001  -129.4984  -86.5016  -53.9035  -22.8309
24271.84    -67.1779   -45.1221    -34.6287   -18.9108   -111.9520    -81.1835  -56.3126   -36.8778   -146.2116 -104.1362   -76.4562  -45.0948   -149.6513 -103.9617   -70.5677  -38.9470  -143.6575 -100.2966  -65.3149  -26.8477
24330.90    -71.9518   -52.4395    -39.8775   -24.5612   -129.9466    -92.4983  -67.0943   -40.3865   -163.0442 -116.1465   -87.3311  -47.3922   -163.9622 -120.1695   -82.8695  -44.3606  -160.3231 -112.8089  -72.5153  -34.2726
24390.24    -82.5092   -63.1514    -45.4190   -27.3808   -140.4040   -103.2704  -73.9736   -46.4402   -182.7885 -133.6051   -92.0844  -53.2195   -181.4924 -129.0822   -87.2732  -47.4498  -177.2073 -122.6351  -83.3422  -37.2721
24449.88    -93.9194   -67.9978    -50.1715   -28.4513   -162.4022   -115.9252  -83.0063   -51.8666   -197.0603 -144.2894  -107.3090  -60.6380   -200.8938 -146.7737   -99.8107  -51.2415  -191.9073 -136.9564  -91.4715  -44.9775
24509.80   -103.9267   -76.7242    -57.1742   -31.4881   -177.6840   -126.0393  -94.3029   -52.6988   -218.1633 -158.6539  -115.9446  -63.2857   -220.5780 -161.2729  -105.9670  -59.8851  -215.4659 -151.3954  -98.7519  -49.8670
24570.02   -115.7771   -86.0120    -62.9918   -37.1864   -192.5795   -140.5340 -104.4078   -58.8911   -237.2490 -171.4282  -124.7069  -69.2976   -239.8797 -172.4075  -120.2707  -65.3790  -233.0203 -162.4170 -111.6663  -52.5281
24630.54   -125.5182   -91.0686    -66.4511   -41.5531   -210.5132   -154.1168 -111.5940   -67.9424   -256.5342 -184.1877  -133.4725  -81.6786   -259.9459 -187.6435  -129.7944  -70.9645  -248.3254 -182.5784 -121.2944  -57.1050
24691.36   -137.6325  -100.8602    -74.5707   -41.2020   -228.9886   -167.2353 -120.4597   -72.6847   -271.5811 -199.8946  -146.3220  -84.5092   -270.9457 -198.0284  -140.4200  -77.0033  -266.4990 -193.2433 -125.9744  -66.3202
24752.48   -150.5508  -108.8517    -79.3846   -44.8265   -247.4905   -181.3336 -133.4033   -77.4478   -293.7095 -213.5859  -151.7482  -89.8717   -293.8229 -212.4870  -144.9926  -84.9023  -288.3961 -206.3929 -137.2627  -67.7522
24813.90   -163.6936  -120.0737    -87.0063   -47.5651   -261.8360   -189.9471 -139.5422   -84.7084   -312.5729 -230.3233  -163.5084  -97.2329   -312.6030 -221.9467  -156.5513  -85.1999  -302.8209 -218.8003 -144.2935  -75.6200
24875.62   -173.0517  -125.6066    -93.6655   -56.9518   -281.1594   -205.6028 -146.1144   -89.8356   -330.1232 -242.8309  -177.8859 -106.2656   -327.8628 -235.0133  -165.9826  -89.8528  -321.2691 -227.2836 -156.3790  -79.3586
24937.66   -187.4758  -136.0899    -98.7242   -57.2677   -294.0777   -215.3096 -157.9273   -93.4607   -351.0425 -252.6457  -178.8935 -110.5179   -343.2374 -247.8024  -172.7223 -101.5084  -335.3262 -237.5692 -163.1669  -83.0258
25000.00   -200.0755  -146.3775   -102.5684   -66.4990   -314.0046   -233.7191 -163.7620  -100.6905   -362.8280 -265.4533  -188.5326 -112.1289   -356.4275 -258.7387  -182.9700  -99.7963  -352.0684 -245.7646 -170.3625  -88.5882
25062.66   -210.9288  -155.2473   -108.3647   -58.4431   -333.8324   -245.4925 -172.9871  -108.9689   -374.9871 -269.7948  -203.1963 -117.5780   -370.6329 -264.1073  -182.3483 -106.5007  -359.0569 -253.1864 -168.2882  -89.1791
25125.63   -224.6223  -163.6827   -116.6620   -69.3820   -349.0736   -253.3543 -184.6173  -110.2064   -390.6175 -280.2487  -207.3336 -121.8021   -380.9151 -270.7657  -187.4506 -106.5770  -375.7233 -261.2778 -177.3120  -90.8640
25188.92   -233.7038  -167.9568   -128.0738   -77.5391   -361.5373   -267.0322 -189.1961  -116.0311   -398.4775 -289.8865  -203.6502 -124.3781   -390.1291 -275.7400  -195.9061 -106.1685  -373.0712 -265.9468 -180.8243  -88.9881
25252.53   -244.4445  -178.4490   -131.5294   -78.2628   -373.8021   -268.9333 -201.8190  -122.0542   -410.1840 -292.2617  -208.0717 -124.7224   -391.8037 -277.4733  -192.1998 -105.5569  -376.6955 -266.0659 -180.1662  -88.7325
25316.46   -251.1177  -181.7425   -134.1275   -87.9799   -383.7344   -274.9807 -200.8256  -121.1227   -415.3099 -295.3773  -206.6562 -127.2625   -400.2613 -276.2421  -193.9185 -103.1435  -377.0643 -261.2174 -180.8338  -86.3551
25380.71   -261.4121  -188.9928   -135.4355   -86.1831   -390.5370   -283.5091 -203.9879  -121.5005   -418.7525 -299.3025  -219.7112 -134.8476   -397.2240 -280.8769  -193.0019 -105.6419  -383.5733 -271.4027 -176.4404  -84.6942
25445.29   -269.0665  -196.4766   -147.1542   -80.8238   -395.7994   -289.6037 -212.9492  -130.3039   -417.5769 -299.2375  -217.6440 -128.6167   -394.9356 -268.4348  -187.1037 -104.9032  -377.5819 -260.9579 -169.2675  -78.6659
25510.20   -277.0208  -198.4697   -144.8827   -82.9076   -397.5856   -284.7140 -208.9751  -129.7507   -411.4130 -301.3989  -207.9920 -125.1979   -383.2818 -268.2957  -179.9525 -104.1737  -366.4180 -248.6664 -168.2985  -83.6593
25575.45   -284.5666  -200.5299   -147.4006   -86.0517   -403.5353   -294.3872 -208.4758  -126.2554   -412.6932 -294.2496  -207.5473 -123.2786   -379.2940 -257.3544  -171.9629  -94.6794  -362.3085 -243.4312 -158.1648  -65.5805
25641.03   -281.4238  -206.9952   -153.7098   -84.5266   -408.3841   -291.0666 -207.4320  -130.6345   -398.7446 -279.4005  -200.5969 -112.5915   -357.2931 -241.1027  -164.9267  -88.9124  -351.6727 -232.2344 -147.7872  -63.9458
25706.94   -283.7364  -206.9453   -147.1491   -96.1864   -393.0863   -282.9463 -200.7942  -126.8399   -386.3945 -269.3806  -181.9900 -106.7144   -339.7690 -229.6038  -147.2133  -83.3648  -320.9395 -211.4260 -134.3304  -55.7090
25773.20   -273.6938  -201.7020   -147.5710   -86.8963   -380.6875   -274.7905 -195.9235  -120.4490   -356.5491 -249.5258  -173.7948 -100.4239   -324.7364 -210.7473  -133.7083  -66.5938  -297.5657 -186.3683 -123.0317  -37.7392
25839.79   -268.7554  -202.4290   -143.0129   -86.4077   -368.6428   -257.2232 -187.4236  -114.5532   -338.4435 -230.7609  -158.6388  -88.9739   -286.7561 -185.6255  -121.2242  -53.1779  -266.7548 -168.2717  -96.6728  -27.3905
25906.74   -259.7244  -185.2058   -142.9991   -84.0122   -353.1930   -254.5119 -184.4599  -109.6739   -316.4436 -208.6934  -143.7001  -80.7978   -257.5328 -159.9350   -93.3602  -52.2455  -235.5494 -147.6407  -70.2973  -16.2980
25974.03   -252.6141  -183.4314   -134.5008   -83.1857   -329.2625   -242.5029 -166.0604  -102.5623   -277.8640 -185.2677  -130.6594  -65.3102   -223.7736 -134.2945   -82.3976  -29.0288  -207.1956 -118.1151  -58.9005   -7.5289
26041.67   -242.4889  -182.3886   -134.2808   -80.1207   -306.3090   -219.7955 -158.3698   -93.8982   -238.5159 -164.6438  -106.5203  -54.8828   -181.0214 -105.4341   -57.8307  -21.2128  -165.6610  -86.6251  -29.9457   13.3377
26109.66   -226.6531  -162.5706   -123.4984   -74.7188   -277.6034   -194.7771 -141.9853   -91.8298   -206.0351 -122.3864   -72.9806  -42.2075   -141.8346  -74.3475   -33.4565    5.4513  -121.6201  -40.5166    2.8912   27.8624
26178.01   -214.5684  -158.4673   -112.0817   -70.5203   -245.6566   -170.1275 -125.8743   -76.5107   -159.4198  -88.3615   -57.2246  -23.1790    -95.3194  -32.6542    -2.2054   26.1899   -68.9036  -12.4437   25.1331   52.9228
26246.72   -193.0032  -141.6206   -113.9786   -66.1616   -201.9015   -147.6678  -99.4223   -69.2863   -105.6305  -55.7356   -18.8054   -9.9921    -41.8393   11.5762    31.9597   37.5032   -19.4300   31.7006   60.3342   73.5521
26315.79   -166.2425  -128.1977    -94.9118   -56.0303   -172.2087   -114.9935  -86.1014   -42.0883    -64.8636  -12.8710     0.4718   19.9385     13.2990   42.0233    66.1340   66.5027    32.8165   72.6639   96.8815   97.0928
26385.22   -145.2579  -105.2971    -85.2261   -44.1597   -116.9256    -86.1937  -62.7643   -23.5153      6.1593   24.1227    41.0204   38.0001     67.2565   94.7700    94.6558   83.1878    96.5049  122.0259  125.0530  114.4875
26455.03   -114.0095   -90.9051    -73.2781   -33.7338    -80.9889    -43.8616  -29.8796   -18.5001     46.9552   76.6172    70.1782   52.1544    122.3571  134.7481   127.2708  102.6755   154.7242  168.2254  154.6997  139.0281
26525.20    -93.6773   -66.5544    -57.6475   -25.4004    -31.9222    -12.3340   -5.9244    -4.8074    112.2082  113.6711    90.0839   76.7481    190.2024  187.4343   175.6028  134.5267   207.5369  208.4309  193.2291  164.4757
26595.74    -58.9602   -45.5599    -36.9719   -24.2584     18.2733     12.5538   17.4178    19.8416    173.2004  168.7917   138.7831   91.5761    252.3232  224.1890   215.2609  150.9699   279.2800  269.1430  238.9357  187.0786
26666.67    -26.2239   -19.3777    -11.9367    -8.4037     75.3952     66.6141   53.0649    18.8389    230.7145  206.8097   175.4506  112.9003    308.1900  285.1085   246.7028  175.9719   332.7098  309.5343  273.2850  221.8879
26737.97     17.7141     7.1238      1.7978   -14.7024    116.1510     93.6568   75.8675    47.8345    292.7464  258.9224   203.4283  142.3129    365.3743  330.7831   280.5402  196.1168   390.4044  359.0546  304.9080  234.7015
26809.65     38.7647    28.1964     16.0495     2.1821    171.7235    133.6885  110.7434    64.0724    348.7732  290.8371   228.3114  159.2374    433.5648  372.9937   310.7457  223.7810   460.2913  404.8851  342.1865  259.0521
26881.72     63.4511    47.1014     42.9627    10.7095    217.6370    177.5046  131.2753    85.5173    404.4178  344.8708   261.6741  172.5086    473.1919  405.1432   333.6744  239.7575   526.4366  441.8419  372.9955  277.8370
26954.18    105.7079    72.5557     45.5601    31.3423    261.2242    221.6119  163.9796   100.4727    442.2238  386.9146   292.5929  196.2716    528.7631  451.6719   367.5052  257.7582   569.3030  478.4395  392.9429  296.4454
27027.03    135.2956    88.9605     70.7181    18.2794    322.1681    242.1348  202.5199   111.5619    495.2305  403.2502   340.9116  207.9082    595.5036  483.3827   386.1515  277.7700   613.1346  504.3886  437.5322  319.3194
27100.27    149.1859   111.2000     68.0142    39.3223    353.3000    261.4871  202.2817   113.4061    526.1913  434.3981   356.1834  217.0978    606.4923  517.4164   401.1993  281.4007   660.2565  555.1486  446.1517  305.4447
27173.91    175.2233   107.3265     85.4061    45.2230    370.8211    282.5542  200.1483   121.4615    516.3542  426.2133   351.7523  220.3550    595.2434  516.5438   402.8346  278.4041   661.7214  527.1034  434.7510  323.5348
27247.96    157.5083   125.1181     94.9682    66.7475    355.3837    292.2736  194.3061   133.0958    512.7965  423.4373   320.8259  203.5758    588.4180  480.5975   385.8682  258.8279   623.3994  516.3024  399.2128  292.5666
27322.40    170.9332   122.9276     90.2030    41.6399    349.3659    233.0614  188.1771   130.8394    480.8143  381.2031   296.0152  174.1764    510.4185  427.8015   335.9479  218.9245   591.7454  455.5924  383.0683  275.0097
27397.26    146.7790   108.1239     63.3122    50.5215    264.0585    194.5836  144.7337    78.8530    373.5986  294.9397   216.3597  153.3469    421.4824  350.5231   273.6194  211.1653   447.5747  361.7727  277.9345  217.1751
27472.53     73.6492    55.8409     51.9217    16.7176    194.3591    134.7002  116.1192    52.0239    239.4816  193.3798   161.9106   94.5752    303.8439  214.6358   197.5577  144.0273   336.1869  272.4562  200.7611  167.7629
27548.21     68.6621    52.3344     17.2339    28.0814     98.5066     98.8110   21.3812    40.3740    148.7215  125.0611    77.8462   68.9648    159.6447  137.2161   107.9556   65.2863   182.2618  137.9964  144.8397   65.0468
27624.31     13.1332    10.7662     45.0538    14.1727     63.4584     39.2538   17.2516    27.3879     79.4386   57.3127    36.7218   35.9701     37.2223   62.6236    39.6057   -2.8574    91.4934   49.3946   58.3658   64.3268
27700.83     27.9777    42.1323     25.8828    11.8089     20.8065     11.3201   19.6440    -8.6619     18.3107    9.1048    26.9184   -6.2034     40.6671   36.7310     1.9005   22.5518    36.5572   25.2184   10.8205    7.2420
27777.78      1.7314    -7.0448    -22.6996    23.0004     -0.0719    -19.8972   -8.5226     5.2872     24.4338   10.0591    -4.3470   19.2588      6.5597  -23.7104    21.8447    4.3487    -6.1456   19.2957   20.4097    3.7092
27855.15     -1.2256   -12.7844     24.3114    -0.9090     33.8884     -4.5313   -1.0466   -25.2388     15.1020    7.7028   -17.3848   21.5907     -9.9105   21.7592     2.8835   11.4333    27.0488   -9.7653   16.8405   -0.3461
27932.96      4.2282    13.4984     10.8660    16.0470      0.4468     15.1237    2.2697   -23.2478    -23.5417    7.0761     0.7339  -11.1423     14.0334   11.2058   -11.9530  -30.7627    -9.4511   15.2841   29.6068   -1.1492