  Energy  2.5K 3T   2.5K 5T   2.5K 7T  2.5K 10T    10K 3T    10K 5T    10K 7T   10K 10T    20K 3T    20K 5T    20K 7T   20K 10T   40K 3T    40K 5T    40K 7T   40K 10T
28571.43 -46.9869    9.6721   14.3190    0.3037    5.5320   -5.6018   13.9053  -13.0267    0.5450  -21.4875  -11.4616    0.7066  13.9276   -1.4027  -21.7157  -12.9101
28490.03  10.6306   -1.2930  -18.8960   -5.0477  -29.1984  -12.4922   10.4399    8.5035   15.1148   14.1762   -3.6517   -1.5950   0.2784  -21.5553  -23.5502  -13.0130
28409.09 -10.1046   10.9026   20.5755    9.5494   12.8648   28.7479  -24.8736   12.6582   -5.7843  -13.6535   14.1195  -18.7597  -0.8438   -1.5502   -5.1083   -0.4318
28328.61 -14.2639   -5.1989   18.2542   18.6290   12.0887   14.0617  -15.5250    8.5435   -0.8111   -0.0500   -7.4870   17.5140   8.6273   -9.3793   -6.7229    6.9601
28248.59   8.5063   -1.4858  -32.9130    9.9789    7.4228   -9.1662   -5.8795   14.7957   12.7438   17.3096  -17.8697   14.6604 -14.7895   -1.4286  -15.9828    4.7401
28169.01 -29.3826   -9.9797    0.2907   35.3618    6.2358  -51.1945  -21.3614   -2.3110   -2.3264    5.3901  -31.8630   -3.1094   0.3970   -0.1688   18.2789  -12.8834
28089.89   7.6647    1.5464   41.9520   10.3791    3.3132   20.8685   -2.7667    4.2478   -1.2385   20.2610   11.4556   -3.6481   7.9483   -4.8562   35.6705   21.5979
28011.20  15.3015   18.1672    6.6339   -0.8637  -25.6031    7.5682    4.5312  -17.1598  -10.2267    8.0234   11.6763   12.4044   9.6883   -5.3517  -19.5214    1.0009
27932.96  -1.1492   29.6068   15.2841   -9.4511  -11.1423    0.7339    7.0761  -23.5417  -23.2478    2.2697   15.1237    0.4468  16.0470   10.8660   13.4984    4.2282
27855.15  -0.3461   16.8405   -9.7653   27.0488   21.5907  -17.3848    7.7028   15.1020  -25.2388   -1.0466   -4.5313   33.8884  -0.9090   24.3114  -12.7844   -1.2256
27777.78   3.7092   20.4097   19.2957   -6.1456   19.2588   -4.3470   10.0591   24.4338    5.2872   -8.5226  -19.8972   -0.0719  23.0004  -22.6996   -7.0448    1.7314
27700.83   7.2420   10.8205   25.2184   36.5572   -6.2034   26.9184    9.1048   18.3107   -8.6619   19.6440   11.3201   20.8065  11.8089   25.8828   42.1323   27.9777
27624.31  64.3268   58.3658   49.3946   91.4934   35.9701   36.7218   57.3127   79.4386   27.3879   17.2516   39.2538   63.4584  14.1727   45.0538   10.7662   13.1332
27548.21  65.0468  144.8397  137.9964  182.2618   68.9648   77.8462  125.0611  148.7215   40.3740   21.3812   98.8110   98.5066  28.0814   17.2339   52.3344   68.6621
27472.53 167.7629  200.7611  272.4562  336.1869   94.5752  161.9106  193.3798  239.4816   52.0239  116.1192  134.7002  194.3591  16.7176   51.9217   55.8409   73.6492
27397.26 217.1751  277.9345  361.7727  447.5747  153.3469  216.3597  294.9397  373.5986   78.8530  144.7337  194.5836  264.0585  50.5215   63.3122  108.1239  146.7790
27322.40 275.0097  383.0683  455.5924  591.7454  174.1764  296.0152  381.2031  480.8143  130.8394  188.1771  233.0614  349.3659  41.6399   90.2030  122.9276  170.9332
27247.96 292.5666  399.2128  516.3024  623.3994  203.5758  320.8259  423.4373  512.7965  133.0958  194.3061  292.2736  355.3837  66.7475   94.9682  125.1181  157.5083
27173.91 323.5348  434.7510  527.1034  661.7214  220.3550  351.7523  426.2133  516.3542  121.4615  200.1483  282.5542  370.8211  45.2230   85.4061  107.3265  175.2233
27100.27 305.4447  446.1517  555.1486  660.2565  217.0978  356.1834  434.3981  526.1913  113.4061  202.2817  261.4871  353.3000  39.3223   68.0142  111.2000  149.1859
27027.03 319.3194  437.5322  504.3886  613.1346  207.9082  340.9116  403.2502  495.2305  111.5619  202.5199  242.1348  322.1681  18.2794   70.7181   88.9605  135.2956
26954.18 296.4454  392.9429  478.4395  569.3030  196.2716  292.5929  386.9146  442.2238  100.4727  163.9796  221.6119  261.2242  31.3423   45.5601   72.5557  105.7079
26881.72 277.8370  372.9955  441.8419  526.4366  172.5086  261.6741  344.8708  404.4178   85.5173  131.2753  177.5046  217.6370  10.7095   42.9627   47.1014   63.4511
26809.65 259.0521  342.1865  404.8851  460.2913  159.2374  228.3114  290.8371  348.7732   64.0724  110.7434  133.6885  171.7235   2.1821   16.0495   28.1964   38.7647
26737.97 234.7015  304.9080  359.0546  390.4044  142.3129  203.4283  258.9224  292.7464   47.8345   75.8675   93.6568  116.1510 -14.7024    1.7978    7.1238   17.7141
26666.67 221.8879  273.2850  309.5343  332.7098  112.9003  175.4506  206.8097  230.7145   18.8389   53.0649   66.6141   75.3952  -8.4037  -11.9367  -19.3777  -26.2239
26595.74 187.0786  238.9357  269.1430  279.2800   91.5761  138.7831  168.7917  173.2004   19.8416   17.4178   12.5538   18.2733 -24.2584  -36.9719  -45.5599  -58.9602
26525.20 164.4757  193.2291  208.4309  207.5369   76.7481   90.0839  113.6711  112.2082   -4.8074   -5.9244  -12.3340  -31.9222 -25.4004  -57.6475  -66.5544  -93.6773
26455.03 139.0281  154.6997  168.2254  154.7242   52.1544   70.1782   76.6172   46.9552  -18.5001  -29.8796  -43.8616  -80.9889 -33.7338  -73.2781  -90.9051 -114.0095
26385.22 114.4875  125.0530  122.0259   96.5049   38.0001   41.0204   24.1227    6.1593  -23.5153  -62.7643  -86.1937 -116.9256 -44.1597  -85.2261 -105.2971 -145.2579
26315.79  97.0928   96.8815   72.6639   32.8165   19.9385    0.4718  -12.8710  -64.8636  -42.0883  -86.1014 -114.9935 -172.2087 -56.0303  -94.9118 -128.1977 -166.2425
26246.72  73.5521   60.3342   31.7006  -19.4300   -9.9921  -18.8054  -55.7356 -105.6305  -69.2863  -99.4223 -147.6678 -201.9015 -66.1616 -113.9786 -141.6206 -193.0032
26178.01  52.9228   25.1331  -12.4437  -68.9036  -23.1790  -57.2246  -88.3615 -159.4198  -76.5107 -125.8743 -170.1275 -245.6566 -70.5203 -112.0817 -158.4673 -214.5684
26109.66  27.8624    2.8912  -40.5166 -121.6201  -42.2075  -72.9806 -122.3864 -206.0351  -91.8298 -141.9853 -194.7771 -277.6034 -74.7188 -123.4984 -162.5706 -226.6531
26041.67  13.3377  -29.9457  -86.6251 -165.6610  -54.8828 -106.5203 -164.6438 -238.5159  -93.8982 -158.3698 -219.7955 -306.3090 -80.1207 -134.2808 -182.3886 -242.4889
25974.03  -7.5289  -58.9005 -118.1151 -207.1956  -65.3102 -130.6594 -185.2677 -277.8640 -102.5623 -166.0604 -242.5029 -329.2625 -83.1857 -134.5008 -183.4314 -252.6141
25906.74 -16.2980  -70.2973 -147.6407 -235.5494  -80.7978 -143.7001 -208.6934 -316.4436 -109.6739 -184.4599 -254.5119 -353.1930 -84.0122 -142.9991 -185.2058 -259.7244
25839.79 -27.3905  -96.6728 -168.2717 -266.7548  -88.9739 -158.6388 -230.7609 -338.4435 -114.5532 -187.4236 -257.2232 -368.6428 -86.4077 -143.0129 -202.4290 -268.7554
25773.20 -37.7392 -123.0317 -186.3683 -297.5657 -100.4239 -173.7948 -249.5258 -356.5491 -120.4490 -195.9235 -274.7905 -380.6875 -86.8963 -147.5710 -201.7020 -273.6938
25706.94 -55.7090 -134.3304 -211.4260 -320.9395 -106.7144 -181.9900 -269.3806 -386.3945 -126.8399 -200.7942 -282.9463 -393.0863 -96.1864 -147.1491 -206.9453 -283.7364
25641.03 -63.9458 -147.7872 -232.2344 -351.6727 -112.5915 -200.5969 -279.4005 -398.7446 -130.6345 -207.4320 -291.0666 -408.3841 -84.5266 -153.7098 -206.9952 -281.4238
25575.45 -65.5805 -158.1648 -243.4312 -362.3085 -123.2786 -207.5473 -294.2496 -412.6932 -126.2554 -208.4758 -294.3872 -403.5353 -86.0517 -147.4006 -200.5299 -284.5666
25510.20 -83.6593 -168.2985 -248.6664 -366.4180 -125.1979 -207.9920 -301.3989 -411.4130 -129.7507 -208.9751 -284.7140 -397.5856 -82.9076 -144.8827 -198.4697 -277.0208
25445.29 -78.6659 -169.2675 -260.9579 -377.5819 -128.6167 -217.6440 -299.2375 -417.5769 -130.3039 -212.9492 -289.6037 -395.7994 -80.8238 -147.1542 -196.4766 -269.0665
25380.71 -84.6942 -176.4404 -271.4027 -383.5733 -134.8476 -219.7112 -299.3025 -418.7525 -121.5005 -203.9879 -283.5091 -390.5370 -86.1831 -135.4355 -188.9928 -261.4121
25316.46 -86.3551 -180.8338 -261.2174 -377.0643 -127.2625 -206.6562 -295.3773 -415.3099 -121.1227 -200.8256 -274.9807 -383.7344 -87.9799 -134.1275 -181.7425 -251.1177
25252.53 -88.7325 -180.1662 -266.0659 -376.6955 -124.7224 -208.0717 -292.2617 -410.1840 -122.0542 -201.8190 -268.9333 -373.8021 -78.2628 -131.5294 -178.4490 -244.4445
25188.92 -88.9881 -180.8243 -265.9468 -373.0712 -124.3781 -203.6502 -289.8865 -398.4775 -116.0311 -189.1961 -267.0322 -361.5373 -77.5391 -128.0738 -167.9568 -233.7038
25125.63 -90.8640 -177.3120 -261.2778 -375.7233 -121.8021 -207.3336 -280.2487 -390.6175 -110.2064 -184.6173 -253.3543 -349.0736 -69.3820 -116.6620 -163.6827 -224.6223
25062.66 -89.1791 -168.2882 -253.1864 -359.0569 -117.5780 -203.1963 -269.7948 -374.9871 -108.9689 -172.9871 -245.4925 -333.8324 -58.4431 -108.3647 -155.2473 -210.9288
25000.00 -88.5882 -170.3625 -245.7646 -352.0684 -112.1289 -188.5326 -265.4533 -362.8280 -100.6905 -163.7620 -233.7191 -314.0046 -66.4990 -102.5684 -146.3775 -200.0755
24937.66 -83.0258 -163.1669 -237.5692 -335.3262 -110.5179 -178.8935 -252.6457 -351.0425  -93.4607 -157.9273 -215.3096 -294.0777 -57.2677  -98.7242 -136.0899 -187.4758
24875.62 -79.3586 -156.3790 -227.2836 -321.2691 -106.2656 -177.8859 -242.8309 -330.1232  -89.8356 -146.1144 -205.6028 -281.1594 -56.9518  -93.6655 -125.6066 -173.0517
24813.90 -75.6200 -144.2935 -218.8003 -302.8209  -97.2329 -163.5084 -230.3233 -312.5729  -84.7084 -139.5422 -189.9471 -261.8360 -47.5651  -87.0063 -120.0737 -163.6936
24752.48 -67.7522 -137.2627 -206.3929 -288.3961  -89.8717 -151.7482 -213.5859 -293.7095  -77.4478 -133.4033 -181.3336 -247.4905 -44.8265  -79.3846 -108.8517 -150.5508
24691.36 -66.3202 -125.9744 -193.2433 -266.4990  -84.5092 -146.3220 -199.8946 -271.5811  -72.6847 -120.4597 -167.2353 -228.9886 -41.2020  -74.5707 -100.8602 -137.6325
24630.54 -57.1050 -121.2944 -182.5784 -248.3254  -81.6786 -133.4725 -184.1877 -256.5342  -67.9424 -111.5940 -154.1168 -210.5132 -41.5531  -66.4511  -91.0686 -125.5182
24570.02 -52.5281 -111.6663 -162.4170 -233.0203  -69.2976 -124.7069 -171.4282 -237.2490  -58.8911 -104.4078 -140.5340 -192.5795 -37.1864  -62.9918  -86.0120 -115.7771
24509.80 -49.8670  -98.7519 -151.3954 -215.4659  -63.2857 -115.9446 -158.6539 -218.1633  -52.6988  -94.3029 -126.0393 -177.6840 -31.4881  -57.1742  -76.7242 -103.9267
24449.88 -44.9775  -91.4715 -136.9564 -191.9073  -60.6380 -107.3090 -144.2894 -197.0603  -51.8666  -83.0063 -115.9252 -162.4022 -28.4513  -50.1715  -67.9978  -93.9194
24390.24 -37.2721  -83.3422 -122.6351 -177.2073  -53.2195  -92.0844 -133.6051 -182.7885  -46.4402  -73.9736 -103.2704 -140.4040 -27.3808  -45.4190  -63.1514  -82.5092
24330.90 -34.2726  -72.5153 -112.8089 -160.3231  -47.3922  -87.3311 -116.1465 -163.0442  -40.3865  -67.0943  -92.4983 -129.9466 -24.5612  -39.8775  -52.4395  -71.9518
24271.84 -26.8477  -65.3149 -100.2966 -143.6575  -45.0948  -76.4562 -104.1362 -146.2116  -36.8778  -56.3126  -81.1835 -111.9520 -18.9108  -34.6287  -45.1221  -67.1779
24213.08 -22.8309  -53.9035  -86.5016 -129.4984  -37.2373  -62.3441  -91.7768 -129.3879  -32.8444  -47.6410  -73.9339 -101.7430 -20.3714  -32.5801  -41.6307  -59.2782
24154.59 -17.4079  -47.1493  -76.2283 -108.8705  -30.8119  -57.2960  -80.0038 -114.6192  -29.5767  -46.4151  -62.7942  -86.0588 -16.3529  -27.8304  -38.8932  -49.7251
24096.39 -11.7019  -38.0119  -65.0664  -96.6755  -27.9023  -46.5393  -70.6218  -98.6205  -24.0622  -39.1326  -56.3612  -77.6552 -10.7936  -23.0177  -33.3028  -47.2966
24038.46  -8.6369  -30.1982  -53.0224  -81.8156  -24.2067  -43.7865  -64.1901  -85.4418  -18.7263  -32.8576  -48.3153  -66.1444 -11.3914  -19.1304  -28.8879  -37.7807
23980.82  -6.9215  -26.9042  -47.2458  -70.5356  -17.6794  -38.8325  -54.5353  -73.9747  -19.6084  -27.4382  -42.2572  -58.6084 -10.9000  -16.2620  -25.9302  -37.8056
23923.44  -0.5261  -18.8162  -38.1006  -57.6801  -14.5458  -28.9560  -43.1901  -62.1215  -12.1627  -24.3008  -33.8302  -47.6939 -11.6122  -16.5079  -21.0954  -27.2708
23866.35   0.9463  -12.6476  -27.5556  -49.5767  -13.8909  -23.6777  -36.1769  -54.3837  -11.2667  -19.2029  -31.0155  -41.2163  -7.7725  -14.2410  -17.1654  -22.9244
23809.52   2.0239   -8.4833  -22.5632  -38.4963   -9.1147  -20.0816  -28.4756  -44.1950   -9.2199  -15.7633  -22.6932  -36.9575  -5.5563   -9.8476  -14.6317  -21.5551
23752.97   6.4779   -5.1247  -13.8599  -30.4265   -6.4208  -15.9039  -21.6639  -35.2794   -9.2832  -13.7712  -20.3766  -28.5528  -6.7087  -12.7944  -13.9731  -17.8515
23696.68   7.1918   -1.2258  -11.2855  -21.3264   -5.3316  -10.6371  -17.7454  -28.4997   -6.4379  -12.0694  -14.5028  -23.9482  -4.4461   -9.7793  -12.3293  -18.9462
23640.66  10.9577    5.3358   -5.5882  -13.5375   -0.0578   -6.7800   -8.8277  -22.1993   -2.0629   -7.9655  -10.1822  -20.7484  -5.9243   -8.7941  -11.1065  -16.9910
23584.91  11.6363    6.8623    4.8725   -9.9362    1.0257   -3.1200   -6.9315  -15.5419   -2.9431   -4.4912   -7.8690  -14.9026  -1.6063   -7.7110   -8.8102  -14.1708
23529.41  10.6232   10.8110    5.7775   -2.9142    1.2248    1.8329   -2.8241  -11.3801   -1.0953   -3.1868   -6.7150  -11.8833  -4.2905   -6.6096  -10.1946  -13.4983
23474.18  14.0403   14.5044   10.8343    3.3306    1.9438    0.6604    0.9474   -6.1132   -2.0772   -2.9912   -6.5222  -11.7250  -5.0601   -6.1194   -7.0853  -13.5622
23419.20  15.3899   16.8934   12.2309    7.8683    3.6913    7.5780    1.6348   -3.0892   -2.2123   -2.1800   -4.4249   -8.7206  -1.3003   -7.0672  -10.1396  -13.7797
23364.49  16.1746   18.9351   15.2589   11.8988    5.1004    6.2526    8.0794   -0.3564   -2.2506   -0.7430   -0.8040   -7.8810  -5.3025   -4.4354   -7.1059  -12.6399
23310.02  18.5964   17.0039   20.7568   15.0542    7.2115    9.7567    9.8438    4.9428    0.3590    0.9918    0.5582   -3.9109  -1.8120   -5.5268   -8.9240  -10.8894
23255.81  16.9232   22.5797   22.0632   19.7556    6.5923   10.0200    8.4856    6.0465   -1.1429    1.2922    1.2740   -0.0542  -4.4534   -6.0950   -6.0982  -12.0548
23201.86  20.3906   24.3579   23.5515   22.4262    7.1048    9.4767   11.4962    9.9851    1.1374    1.9260    2.1232   -0.9998  -5.4874   -4.8527   -8.2453  -11.4824
23148.15  22.2645   25.6386   24.6550   24.7961   11.1982   14.3252   14.3109   11.4786    3.2842    3.1228    2.6677   -1.6341  -4.1181   -3.9059   -7.0041   -7.1963
23094.69  19.2763   26.5613   26.1710   25.6172   10.9432   14.2530   15.6921   15.4648    3.0922    4.8871    4.5438    2.5595  -2.9666   -5.0944   -6.5443   -8.8100
23041.47  24.0100   24.6407   28.5888   28.7911   10.8063   16.0003   17.7411   12.5039    4.1581    3.6885    4.6280    4.0202  -2.7396   -3.2786   -4.0853   -6.5688
22988.51  23.5024   24.8612   27.3642   28.1517   11.2015   16.7246   16.8844   17.0469    3.3721    5.2329    6.5429    4.1419  -1.7401   -4.1972   -6.5783   -9.0922
22935.78  22.0286   27.3783   26.3154   28.3248   11.3841   13.6490   16.1766   18.7848    5.7032    5.7548    5.0869    5.6447  -1.4336   -3.3127   -2.9000   -4.2515
22883.30  20.6898   28.2177   30.0928   31.7011   11.1605   15.9922   19.1168   20.3820    1.9474    7.4866    8.5739    7.2857  -1.1334   -4.7143   -2.0187   -5.7128
22831.05  21.3823   27.8806   29.5262   31.1202   14.0971   15.9947   19.3779   18.1441    4.7643    7.2965    9.4132    6.3528  -2.7376   -1.9564   -3.2393   -5.0978
22779.04  20.5583   25.0501   29.3896   32.3715   10.4170   17.2781   21.0339   21.0629    4.5959    8.7697    8.0830   11.4084  -0.6165   -3.1890   -0.7750   -2.3461
22727.27  18.0831   24.4988   27.7887   31.8298    9.3531   18.1489   18.3163   19.3262    5.7154    9.1433    9.2614    9.6993  -0.8402   -0.6065   -2.9825   -0.0406
22675.74  18.1569   25.4815   28.4207   30.5321   10.8268   18.0977   18.1161   20.7406    3.4359    7.9487   10.0029   11.3036   0.2907    0.3741   -0.8895   -1.2228
22624.43  18.3133   23.1750   28.5974   29.6279   10.5732   17.3126   19.5520   22.3049    2.6839    7.0190   10.5786   14.0915   2.0536    0.0519   -0.8232    0.3627
22573.36  18.4783   24.3330   28.0645   30.6679   12.7876   15.1584   19.2708   21.4600    4.5419    8.9899    8.9746   12.7347   0.4405    0.1501   -0.6076    0.2182
22522.52  15.2812   23.6720   27.0823   28.3495   10.9694   15.0501   20.6860   22.1659    4.8104    7.6263   10.5071   12.2505   0.4569   -1.3805    0.8922   -1.8494
22471.91  14.0816   22.0064   23.8015   29.7084   10.8362   12.2999   18.0613   19.1676    5.6945    8.1692   10.9810   12.9919   2.1156   -1.8463   -2.2203   -2.4488
22421.52  17.4459   23.6985   26.7246   29.2662   11.4769   14.1174   18.1754   20.5290    5.5793    5.2788   10.7074   13.7049  -1.1728   -1.2066   -0.3698   -2.0044
22371.36  15.9249   20.5845   23.9459   27.3175    9.5928   15.3964   18.8094   18.9299    6.7691    7.6885    9.9082   14.5519   0.0543   -1.3352    1.6186   -2.2379
22321.43  15.8183   23.1479   24.6593   25.3588    8.4738   13.8325   18.3485   18.1843    5.1052    7.4064   10.2230   12.9294   1.4569    1.5046   -1.7841   -1.5641
22271.71  13.5271   20.4188   22.3687   25.2295    7.4803   13.2035   17.7462   18.6120    4.3532    6.4727    8.4928   10.4908  -0.5677   -0.9638    0.0246   -2.5700
22222.22  13.8297   19.7489   20.3657   24.3841    9.6400   12.1568   14.3473   18.3849    4.3366    9.0846    8.9371    9.2271  -0.8712   -0.9748   -1.4219   -1.0888
22172.95  13.4719   16.7428   20.0586   22.0981    8.2791   12.6503   15.8778   16.9527    2.3706    5.6786    9.7256    8.8536  -1.5819   -0.2423   -0.4350   -1.2982
22123.89  11.0367   16.9239   19.2586   21.9176    9.2362   13.1303   14.7232   16.8590    4.4116    6.6185    6.3325    9.9431  -0.4153   -1.2440    0.9461   -2.6938
22075.06  10.3168   16.8181   18.2846   19.4384    6.0051   10.8338   13.6995   15.2715    4.4994    7.5085    8.7468   10.2305  -1.9294   -0.4480   -1.7871   -3.5102
22026.43   9.5938   15.2834   17.3168   21.9061    7.0656   10.6265   12.9185   15.2146    4.7804    6.3608    6.6622    9.1668  -0.8982   -1.7888   -1.6410   -1.7542
21978.02   9.8863   15.1510   20.1378   19.0249    6.4991   10.6688   14.2974   16.1282    3.5526    5.3403    7.7473    9.8260  -1.5183    0.6494   -1.1994   -1.9822
21929.82   8.5942   12.3190   17.7129   18.6572    7.1199    9.0857   13.3641   14.9757    3.1590    5.8117    6.4195    8.8183  -1.3545   -0.5796   -0.2154   -1.5804
21881.84  11.1983   12.7856   16.4931   20.2006    6.1364    9.6633   14.0534   13.6743    4.1227    5.5270    7.0091    7.6168   0.4742    0.4441   -0.8752   -0.9024
21834.06   9.2149   14.1177   17.2628   16.8478    4.0877    8.8685   11.1192   13.9169    3.8731    6.1439    5.4137    7.6178  -0.5726    0.7159   -2.8045   -3.1646
21786.49   9.5130   12.1871   15.0648   17.7739    3.3240    9.3925   11.4008   14.4935    2.4476    5.6967    4.4630    7.8160  -0.8876   -1.6165   -2.6311   -4.0117
21739.13   6.7161   11.0417   14.0333   17.4169    5.3202    8.6571   11.0985   11.6236    3.4012    4.7000    6.5000    8.1445   0.5265   -0.5383   -1.3169   -2.4473
21691.97   6.0800   13.1679   17.0470   15.6816    6.2492   10.3768   10.1622   11.4606    4.2968    5.7071    6.4091    9.5431   1.3788   -1.2299   -1.1946   -1.9210
21645.02   6.4651    9.8314   12.5673   15.8141    5.8350    9.2321   10.5701   13.5072    4.9183    5.0787    4.4960    7.7348  -0.6260   -1.5636   -1.6498   -2.6143
21598.27   8.0412   11.7466   14.5557   17.0259    4.2996    5.7271    9.9903   10.4975    2.8060    4.3495    7.4495    9.1063  -1.7095   -3.1011    2.0360   -0.4936
21551.72   7.7214   11.3099   12.5200   14.7828    4.5960    9.0187    9.6153   10.7248    3.3787    5.6722    6.2654    8.1794   1.3368    0.6953   -1.7278   -1.2074
21505.38   6.0733   11.8949   11.8978   14.1169    5.4375    6.5927   10.0617   11.5574    4.4945    5.9262    6.7652    7.9898   0.0927   -2.0875   -2.5715   -1.1088
21459.23   6.7514    8.3462   11.4137   13.6938    4.7674    9.1197   10.8133   11.5118    3.7933    5.2861    7.1342    8.1142  -0.1361    0.8042   -1.7863   -1.0572
21413.28   4.0179    5.6441   12.2888   12.9256    5.9941    5.7561    9.6418   12.7322    3.5607    4.1417    7.7263    8.1696  -0.0389    0.8049    0.1674   -2.4023
21367.52   4.0006    8.6729   10.6637   11.6109    3.1665    8.3667    8.4128   12.3462    5.0338    4.3567    7.0390    9.1043  -0.8994    1.6794    1.6675   -0.9673
21321.96   3.6847    9.7283   10.5746   13.5194    5.1366    5.9195    9.1990   12.8909    4.6927    5.7986    8.9101    6.7588   1.2850   -0.0412    0.6072   -0.7638
21276.60   3.6095    6.6182   10.0909   10.8987    3.9214    6.2732    9.6711   11.1940    3.9073    7.0944    6.6785    9.2984  -1.6204    0.2413    0.4655    0.8271
21231.42   2.0884    7.6990    8.4184   10.7020    4.0479    3.6802    8.3036   11.3441    3.9545    4.7881    6.5930    7.5874   0.0566    2.4060   -0.4811   -0.4594
21186.44   2.6228    6.0647    7.8697    9.2792    4.5145    5.6033    9.1189    9.7938    4.5378    6.6010    7.5444    9.9253   1.5016    0.4644   -0.2625    2.1356
21141.65   0.8658    6.4569    6.7124    9.2728    2.9179    5.5042    6.3434    8.4350    2.6703    5.2263    6.4341    8.7712   0.5389    0.5488    1.5998    0.0432
21097.05   2.3658    5.0069    7.2847    5.9557    3.0051    4.9141    7.1968    9.0431    2.3329    3.4660    6.6559    8.1233   0.2424    1.5571    0.3965    1.1356
21052.63   0.4367    2.9221    6.2094    7.0185    3.4864    3.5926    5.8361    7.1124    1.2084    4.2009    5.6412    7.3517   0.5471   -0.0195    2.8005    0.3987
21008.40   1.6642    2.4454    7.0741    6.8587    3.1851    4.2018    6.3607    7.7262    1.1615    4.4351    5.6585    7.2095   0.2948   -1.4574    1.7508    0.3568
20964.36   0.8992    3.0397    4.6669    4.4766    2.1790    1.6799    2.7907    4.8387    3.2859    6.0108    5.3006    8.1969  -1.5979    0.0279    0.2373    1.6635
20920.50  -0.8722    0.2277    2.7024    4.0581    2.0591    1.7168    4.7410    4.6298    2.1815    3.7700    5.2139    7.5650  -0.0492   -0.5868   -0.0704    0.8828
20876.83  -0.0825   -0.0584    2.8953    2.7724    2.4548    1.8999    4.2323    5.8115    1.9943    3.1585    4.7525    5.0764  -0.1132    1.7835   -0.9435    0.0512
20833.33  -1.1683   -0.7715    2.6949    1.8974    0.4652    1.9144    4.0892    2.5627    1.5944    4.7035    4.1567    6.0577   0.5901   -0.8409    0.9161    1.9686
20790.02  -1.3337   -1.8672    0.1932    1.7541   -0.3051    1.9953    1.4834    3.1474    2.8538    3.9610    4.7570    5.9782  -1.1448    1.2335    1.1106    2.2232
20746.89  -3.0867    1.2890    1.9634   -0.7621    0.3899    1.6937    0.3956    3.8248    2.4629    3.5465    4.5730    5.9100  -0.2657    0.8772    0.1152    0.2019
20703.93  -4.2432   -1.1241   -0.0956    0.5866    0.6471    1.6275   -0.6277    3.3143    1.8576    3.6213    5.3055    6.6596   0.3124    0.6103    0.6190   -0.4978
20661.16  -3.5640   -1.4069   -0.8722    1.4118   -0.9915    0.0244    1.2993    1.6161    4.2399    4.6327    6.9154    4.3419   0.0933   -0.5320    1.0275    2.4913
20618.56  -2.3285   -1.9053   -0.9440   -0.1497   -0.3872    0.8501    0.4074    3.2430    1.8172    4.1204    5.2799    7.4251  -0.8411   -0.8440    0.4007    0.1475
20576.13  -4.2515   -3.8064   -2.8165   -0.6344    1.0234   -0.8799   -0.4587    1.6528    1.8691    2.0867    5.2811    6.7660   0.4846    0.6541    1.2043   -0.2801
20533.88  -2.3979   -3.2237   -3.3403   -1.4443   -1.2894    1.6125    1.0327    1.1921    2.2896    2.3547    4.7430    6.7622  -0.3458    2.2939    0.6140    2.0157
20491.80  -2.4458   -2.8101   -3.3208   -1.1207   -1.1947    1.5180    0.7864    2.3754    1.3764    2.7906    4.7244    8.6686   0.2492    2.0657    0.9809    1.2712
20449.90  -4.2315   -4.8889   -1.1010   -2.3024    0.7005   -3.4394    0.1556    1.2671    1.7654    2.4180    3.8114    6.9000  -0.2012    2.4567    0.6699    2.1712
20408.16  -4.6261   -4.4302   -2.9135   -1.4952    0.2215   -0.8061    2.8360    1.8956    2.5105    3.1999    3.3688    6.5433   0.7782    2.1216    1.6222    1.7111
20366.60  -2.0384   -3.4056   -3.3332   -1.9222    1.5342   -1.2221    1.6177    0.8595    2.1578    3.4013    6.8487    6.4238   1.5014    0.7702    0.5508    1.4446
20325.20  -5.1631   -3.9710   -1.1888   -2.1048   -0.5235   -1.9979    0.0898    0.7890    1.5337    2.5839    6.7737    7.6532   1.0069    1.3449    1.3011    1.8767
20283.98  -4.6220   -5.0152   -5.5524   -2.7986   -0.4462   -0.7105   -0.4609    0.9270    3.3740    5.0598    4.6958    5.4929   0.4076    0.5820    1.5743    3.1427
20242.91  -5.3293   -5.2801   -2.8897   -2.6696    0.1996    0.1582    0.5564    1.9746    1.9836    2.8655    5.1377    7.5594   0.2696    1.9174    0.7090    0.5423
20202.02  -3.4690   -6.8116   -2.0021   -1.2745   -0.4989   -1.4947   -0.3040    4.0014    2.5420    4.7023    3.1914    7.0348   1.0037    0.3439    1.4825    3.2030
20161.29  -6.0307   -5.0196   -3.7670   -3.0760    0.0944    1.1274   -0.1393    2.0840    3.0790    4.2009    5.4488    7.2453  -0.0253    1.0275    3.6082    3.7066
20120.72  -5.9563   -5.7878   -4.2272   -2.6541   -0.0193    1.4244    0.3626    2.1626    3.5605    4.1061    5.5062    7.0219   1.8582    0.8446    1.2192    2.6504
20080.32  -6.4271   -3.3526   -4.1828   -1.0017   -1.6110   -0.8298    1.1798    1.4611    2.0573    3.2161    6.8175    6.5985   0.2616    0.4073    2.4508    0.1329
20040.08  -4.3561   -4.0908   -4.5725   -1.4468    0.0811   -0.2444   -0.1670    2.1530    1.3451    3.6516    5.9496    7.7537   1.5186    2.8125    0.8084    1.0201
20000.00  -6.7507   -4.9223   -3.9800   -2.5490   -0.7414    1.0082    1.1373    2.5627    2.3186    5.4628    3.0138    9.1464   0.6571    2.2207    4.0596    3.6052
19960.08  -4.1674   -4.9893   -3.6990   -1.7224    0.6240    0.8462    1.0310    2.7392    1.8932    3.9951    6.4878    9.7507   1.4697    2.9555    3.7282    1.9476
19920.32  -6.1835   -3.4457   -3.1915   -1.6949   -0.2992    0.2885   -0.1508    2.5301    1.5572    4.3911    6.7351   10.9590   2.1172    1.8769    3.2662    4.6112
19880.72  -6.3911   -6.7952   -2.3619   -1.0224    0.2294   -0.6058    0.5287    2.7929    3.6374    5.0962    6.3019    8.8345   0.4401    4.4547    4.2660    3.6316
19841.27  -5.5428   -6.0019   -5.3534   -3.0324   -1.5974   -0.5311    1.4745    1.5412    4.6814    6.6357    6.9576   10.4301   1.7570    2.8495    3.4601    3.8899
19801.98  -4.9911   -5.2338   -3.9296   -3.3745   -0.9262    0.3450   -1.1295    3.2768    2.2978    4.6631    8.2006   10.4688   1.8316    0.9877    3.5663    4.0894
19762.85  -4.4455   -4.3956   -3.2039   -1.0485   -0.5862    0.7732   -0.5586    2.3631    3.1281    5.3718    7.3358    9.8574   1.3787    4.2202    5.5591    2.7944
19723.87  -5.0613   -2.7786   -3.9243   -1.9957    0.7187    2.1740    3.2657    5.0669    2.6620    4.5052    7.2355   11.7352   2.2952    3.7183    3.9047    4.6517
19685.04  -3.3144   -4.0466   -3.7626   -1.8143   -0.4247    2.2997    1.1728    3.2190    3.3792    5.8933    8.7401   10.6094   1.4188    2.9781    3.5941    7.3951
19646.37  -5.0328   -6.3520   -3.7216   -3.1315    0.7720    1.0909    2.6877    5.7993    3.5688    5.3706    6.1387   10.8122   2.5592    2.8110    3.4585    6.6135
19607.84  -4.0428   -3.3525   -2.9838   -1.7075    1.5738    2.5914    1.3056    4.2418    2.9473    7.1478   10.2042   12.4464   3.2059    2.2137    4.2450    5.4036
19569.47  -4.7908   -3.5386   -3.9356   -2.2746   -1.6361    0.0776    1.1251    5.2973    3.8369    6.4025    8.5817   11.8348   1.4853    4.7642    4.8881    6.5013
19531.25  -5.6027   -7.1916   -4.5065   -1.0824   -0.1302   -0.4301    1.4475    5.4097    3.3557    6.8776    8.8893   13.9784   0.7995    3.5057    5.8131    6.4230
19493.18  -5.5415   -4.3984   -2.8536   -2.0044   -0.6576   -0.2201    1.8119    5.1178    3.8465    7.5022   10.1519   13.9368   2.5660    3.0005    5.1362    7.0326
19455.25  -4.1202   -4.5445   -3.8523   -0.8379    0.7183   -0.8902    1.3771    6.9181    3.5103    6.1395   10.0445   13.8892   2.3051    5.2575    5.0904    7.5587
19417.48  -4.6157   -5.6506   -3.0462   -1.3773   -1.3457    0.6634    3.1329    5.3518    3.8677    7.8053    9.6955   14.1753   1.5738    3.6723    5.5145    8.6665
19379.84  -4.3279   -3.6750   -3.8827   -0.7995   -0.5191    2.7671    3.8930    5.8049    1.9466    6.7791   11.9784   16.1990   3.0504    3.6588    7.4531    7.9352
19342.36  -4.5937   -5.2070   -2.7175    0.2507    1.3849    1.0943    3.3966    6.5716    3.6840    6.9120   10.7604   17.4661   3.1508    5.7402    6.6964    8.5706
19305.02  -5.9001   -4.4074   -3.0272   -2.1589   -1.3108    4.1448    2.8058    5.3250    6.0474    7.9364   11.1640   16.6763   3.5445    3.4527    5.6371    7.0913
19267.82  -5.2202   -4.1468   -4.6577   -1.1381    2.3024    1.7218    4.3221    6.9317    5.8669    7.3902   14.0495   17.5488   3.0886    5.6714    7.6157    8.5198
19230.77  -7.2754   -4.0248   -2.6052   -1.7708    1.1205    2.2161    3.5792    6.2214    6.2311    7.4307   12.8244   17.6285   3.0933    4.7067    7.2390    9.3200
19193.86  -2.4298   -4.8877   -3.5011   -1.7115    0.5297    2.4522    4.0913    6.4387    5.2781    9.5111   10.3239   16.3508   2.3552    4.5083    7.8258    8.8847
19157.09  -4.3539   -3.6771   -2.6512    0.5116    0.4414    0.3207    4.0575    7.5066    5.3761    8.2015   12.6596   16.7750   3.0535    5.6478    7.5193    9.3595
19120.46  -3.2660   -1.6539   -4.1029    1.2303    0.7412    4.0005    4.4034    5.6404    5.6132    8.9662   11.5620   17.7878   1.9121    6.6413    7.2474   10.8350
19083.97  -2.5553   -2.9711   -3.5911   -0.8701    0.5048    3.8881    3.3758    7.8374    5.4199    8.0572   11.7344   17.9993   3.1927    4.5111    8.4969   10.3616
19047.62  -2.6103   -4.8091   -2.7059   -0.8805    0.4826    1.5726    4.4154    7.0762    4.9611    9.8083   12.4486   18.0039   4.0638    5.4500    8.8286   10.5549
19011.41  -3.5372   -3.8792   -2.7941   -0.8053   -0.4017    2.3188    5.0977    9.1771    6.0037    9.6958   10.9803   17.8711   2.2316    6.1338    6.6593    9.8718
18975.33  -5.5711   -2.1590   -2.0070    1.6047    1.4457    2.5949    6.4308    8.9304    7.3779    8.2751   13.2758   19.2604   3.4111    6.0529    8.1455   10.5945
18939.39  -3.6746   -4.7446   -1.7028    0.6548    2.3305    2.0105    6.6638   10.1195    6.4977   10.6855   12.8539   19.8774   2.5207    4.8813    7.5857   12.4756
18903.59  -4.6306   -5.3794   -0.3607    0.9724    3.7636    2.8388    8.0808   11.1671    6.1210    8.7667   13.8226   19.1264   2.3706    5.8964    8.7050   10.9672
18867.92  -3.5738   -2.9121   -1.8898    0.6595    0.7519    3.2429    5.8155   12.1341    5.0131    9.4680   14.5930   19.5511   2.8310    5.9723    9.0679   13.5555
18832.39  -4.6464   -2.7562   -1.9646    1.4240    1.2404    3.6044    6.9844   11.2170    6.7081    9.5152   14.8309   20.8186   3.6947    6.8640    6.6115   13.7136
18796.99  -2.8901   -2.4511   -0.4550    2.4137    1.0948    2.8925    6.4296   10.5492    7.0726   10.6129   14.8169   21.3592   4.4218    6.6934    9.1559   13.2891
18761.73  -2.4467   -2.2651   -1.3545    2.2562    1.7454    2.1849    6.7560   10.3830    4.9512    9.5488   15.5257   20.6199   2.8619    5.9740    8.0828   12.8377
18726.59  -3.2889   -2.1413   -1.0116    0.9365    1.6355    4.2806    7.5215   12.1670    5.7053    9.7543   14.8400   22.5988   3.1091    7.6528    9.3131   13.5343
18691.59  -2.7128   -0.3602   -0.5467    1.5137    2.7443    3.0098    6.6854   13.4046    6.9949   10.9236   14.6411   21.1065   4.1959    5.7776    9.3288   12.6936
18656.72  -2.4500   -0.8243   -0.4435    7.1619    2.6761    2.7477    8.3926   12.7942    6.2261    9.8236   13.8973   20.9720   3.2665    5.5948   10.0065   12.5998
18621.97  -1.2214   -1.4605    1.3275    4.2912    2.4081    4.6891    8.5541   13.1794    6.9405    9.9916   16.0835   19.8479   3.8797    6.8997   10.2767   12.5169
18587.36  -1.9851   -1.3947    0.1935    5.6852    2.7330    3.9707    7.6204   16.4060    8.3588   10.2016   13.7282   22.0101   3.7414    7.2233   10.2921   13.1169
18552.88  -1.7745   -0.7159    2.4753    5.2292    1.5785    4.8921    7.4016   13.0292    6.2353   11.5844   15.6036   22.5384   3.3504    7.2465    9.0244   12.9818
18518.52  -1.2275   -2.3180    1.8205    5.9345    3.2381    4.8800    7.6635   15.1531    5.6060   10.7828   16.4380   21.1364   4.2987    6.3255    8.6632   14.0942
18484.29  -2.1322   -0.9546    2.1293    6.6260    3.6328    6.0439    9.9144   15.3069    5.7099   12.8039   14.9240   21.8924   2.5003    7.6409    8.3185   13.4165
18450.18  -0.8882   -1.4670    1.9769    7.0188    3.9942    5.7645   10.3739   17.1246    6.0778   12.7627   16.2639   23.6352   4.0303    6.7331   10.5061   13.5546
18416.21  -2.7354    1.9505    2.7189    9.4438    3.7831    5.0873   11.0446   17.3382    7.2476   11.7872   15.7357   21.5969   3.1064    6.5054    9.9622   14.2882
18382.35  -1.2154    1.8447    4.4962    8.1938    3.2970    7.9379   10.6305   17.0479    8.2489   12.3401   16.4355   23.2148   5.3676    6.8431    8.9497   14.7327
18348.62  -1.2153    0.7625    4.1725   11.2324    3.5351    8.6510   12.6369   17.6084    7.3806   12.9421   18.2041   24.1748   4.3314    7.0066    9.7354   14.2564
18315.02  -2.0195    2.2577    3.9573   10.2029    5.3456    8.3113   12.7730   18.5158    8.8060   11.7998   19.9898   24.6835   4.6820    6.4303    9.8123   15.1021
18281.54  -1.9174    1.0174    3.7299   12.9358    4.1006    6.2245   11.8237   18.6842    7.7883   11.5579   18.2268   24.3333   6.5649    6.3068   10.2707   12.3186
18248.18  -0.8047    0.9791    7.3537   13.3919    4.4800    7.6919   12.3189   19.1438    6.7632   12.6215   17.1378   24.2499   4.0772    6.9554    9.8625   14.4023
18214.94  -0.5926    3.2879    5.3712   13.1141    5.3648    9.2412   13.0086   19.1458    9.0553   13.2407   19.6204   26.6804   4.8664    8.0398   10.3800   15.5163
18181.82  -0.1863    2.7940    7.0286   13.9623    6.2567    9.2138   14.7070   20.1381    6.2825   13.9643   18.3595   27.2030   5.0955    6.5523    9.7114   15.5392
18148.82   0.0855    4.3012    6.4812   15.1744    6.6978    9.6580   14.5170   21.6108    8.3943   13.2005   18.5441   28.3020   4.3018    6.3405   11.7902   14.6402
18115.94   0.2862    3.3268   10.2693   15.0145    5.0248    8.1602   14.4727   21.8365    8.7150   15.2025   19.9042   27.5575   3.8499    8.4906   11.6257   14.8963
18083.18   1.1267    4.9337    7.8900   16.0343    5.0265    9.2136   15.2310   22.0217    9.7081   13.6491   19.7254   27.8961   3.8835    9.4450   10.3137   16.5044
18050.54   0.1911    6.5844   10.1637   16.7841    6.5197    9.5764   13.4352   23.8304    7.0358   14.3542   18.1710   27.2240   4.9466    8.3062   10.2319   14.2886
18018.02   1.8919    5.3013    9.2625   16.9915    6.9511    9.4792   15.2270   24.1207    8.3996   14.1632   20.2694   28.4907   5.5138    8.5254   11.5485   13.6877
17985.61   0.5786    6.1339   10.0071   18.2053    5.6448   10.7094   16.9167   24.7265    7.3393   14.4406   19.2261   25.8621   5.0788    9.1260   10.1000   15.5809
17953.32   3.0913    6.3009   11.4680   19.2357    8.2286    9.6897   15.6874   23.8936   10.5099   14.4220   19.5194   25.6251   5.2076    8.9337   10.6376   15.3590
17921.15   1.8039    7.2558   10.1880   20.1606    5.4382   10.1247   15.7904   23.6275    9.5906   16.1118   21.1329   27.7414   7.1164    8.0553   11.7127   13.5296
17889.09   2.3690    5.2165   10.7877   18.7108    5.7690   12.3436   17.4364   26.4291    8.8596   14.3633   19.6144   29.4943   5.7373    8.1923   10.7302   14.6485
17857.14   2.6004    5.7861   13.2634   19.9098    5.9508   11.9009   17.0143   24.4378    8.4290   14.3175   19.2360   27.5868   4.8209    7.5266   11.5205   14.2422
17825.31   2.3430    6.3594   11.4391   19.5134    6.4692   11.6101   17.4887   25.5511    8.7961   14.6538   19.1784   28.3192   5.9409    6.0869   11.7456   15.0816
17793.59   1.9808    8.0885   11.3378   19.3884    5.9241   11.7015   17.4650   26.3792    8.9586   14.5448   20.0010   27.5656   5.0924    8.7396   11.6007   13.7865
17761.99   3.2172    6.8197   11.6885   20.9951    6.4840   13.4948   17.8017   24.7540    8.6246   13.7815   19.5228   27.4986   4.3877    6.4932   11.4675   14.6638
17730.50   0.3576    7.3637   12.4844   19.7134    6.3530   12.2902   17.7631   25.2561    9.3010   12.8548   20.7172   27.4596   4.9602    7.8230   10.3215   14.6594
17699.12   2.1292    8.5924   10.8632   19.2455    7.3095   11.3691   17.8791   24.8878   10.0487   13.6257   19.8378   29.2493   4.9607    6.8135   11.7780   15.0005
17667.84   2.8730    6.7471   12.5928   20.1534    6.2466   11.2872   17.7351   23.8012    8.0065   15.3086   19.4731   26.9918   4.4032    9.9827   11.5022   15.4416
17636.68   2.7005    7.3481   12.8917   19.2580    7.0800   11.2030   16.8930   26.1761    9.2152   14.5440   20.3655   27.2334   4.0281    8.1221    9.7702   14.5774
17605.63   1.4989    5.2131   12.7499   18.4644    6.5045   12.6296   17.8545   24.5056    8.5762   15.1075   19.2178   26.4720   4.6913    7.3592   11.4629   14.1460
17574.69   1.3463    6.0317   12.8497   18.0609    6.4421   11.5463   17.2586   24.4505    7.7024   13.2920   19.5699   25.8104   4.1588    7.4278   10.3262   13.8874
17543.86   1.9748    7.3144    9.8005   18.8636    7.7301   11.4315   14.9144   23.6207    8.9368   13.5854   18.6920   26.4027   4.9501    6.9710   10.7561   13.4413
17513.13   0.1202    7.1381   11.3500   18.4707    5.5373   11.1188   14.5057   22.3281    8.5826   14.4372   20.3180   27.3437   3.8306    6.8992   11.5472   14.4364
17482.52   2.0713    6.3339   11.3950   17.8671    7.1057   10.7916   16.1741   22.5125    7.3484   15.5312   19.3283   25.2037   3.9888    6.7148   10.7171   13.4601
17452.01   0.4117    4.4346   10.7614   15.9008    5.0395   10.0504   15.7298   22.7318    7.5065   13.8165   18.8041   25.6760   4.4551    8.1180   11.0803   14.8704
17421.60   1.2275    5.1251    8.2370   16.0708    6.1069   10.3301   14.3954   22.1654    8.3203   13.0335   17.9325   25.3243   4.0580    5.7010   10.2459   14.9275
17391.30   0.0540    5.4236    9.3824   17.9705    5.4686    9.9537   14.8010   21.0997    8.2530   12.4724   17.5501   26.6234   5.8556    6.0165   10.7885   12.5366
17361.11  -0.2671    4.3650    7.7035   16.1041    5.8714    7.3585   14.7951   20.9614    6.5213   11.2604   16.6014   23.4379   3.0421    6.7809    9.7551   12.2490
17331.02   0.0072    2.7614    9.0036   13.9962    6.5727    6.5673   13.8283   19.7964    7.0702   12.4315   16.6468   23.8783   5.2660    6.6244   10.8538   12.9551
17301.04  -0.1300    3.7905    6.2984   13.3407    5.9066    8.7149   12.3004   18.9314    7.4809   11.6652   16.1760   24.5204   4.6919    7.2370    9.8048   13.8531
17271.16   0.2622    1.8421    7.3762   11.9303    5.2310    7.9893   12.9908   19.3507    6.4276   12.1360   15.0363   21.9994   4.5402    5.3412    9.3891   13.4134
17241.38  -0.2950    2.0662    6.0044   11.9451    4.5314    7.4532   12.6031   19.1154    5.6481   12.4452   15.5003   23.8722   3.1941    5.6607    9.7389   12.3130
17211.70  -0.5888    1.6939    5.7351   10.4575    5.1975    7.8704   12.1589   18.0746    5.6372   10.7878   16.4287   20.3291   4.3561    6.5618    9.0815   12.8674
17182.13   0.5629    2.3718    5.2743   11.0620    4.6206    6.9360   11.3070   14.7852    7.7095    9.4313   13.8925   21.0298   2.9294    6.9742    6.4632   11.5152
17152.66  -0.0629    2.7066    4.2378    9.0572    2.4993    5.0883   10.3104   14.9701    6.0099   10.3324   14.7617   20.6787   4.2670    6.0823    7.6692   13.3015
17123.29  -0.8435    0.2898    3.4974    9.2655    4.4256    6.4159    9.2650   15.1843    6.9455   11.0462   14.3843   19.5682   3.6538    6.6005    8.9608   10.9442
17094.02  -0.7262    0.3575    3.7099    9.8188    3.6003    6.5456   10.8196   14.6058    4.7711   10.9989   13.7530   18.7081   2.0955    6.1213    7.2357    9.9459
17064.85  -1.3742   -0.0840    2.5557    6.6006    4.0476    4.7559    8.9058   14.5262    7.1996   10.1755   15.0251   18.0592   4.6213    6.9853    8.2798   12.2034
17035.78  -1.6392   -0.3647    3.8789    7.8043    4.0006    6.8323    8.5636   13.3429    5.9804    9.3408   14.3778   19.7724   3.5836    6.0690    8.5273   11.0688
17006.80  -0.8342   -0.5971    2.5004    5.7086    3.5096    4.8888    9.1408   12.0280    6.4908    9.4404   12.4075   17.9205   2.5528    7.0169    8.9965   12.2625
16977.93  -2.3058   -0.2188    0.9370    4.1359    1.5640    4.4268    6.3948   12.8099    5.6845   10.2102   12.8410   17.3492   3.2533    6.2301    8.3485   11.9632
16949.15  -1.8971   -1.2008    0.6789    3.8498    2.3487    2.9213    8.9627   13.7732    5.8658    9.6845   11.1410   16.9291   3.5084    6.7555    7.1091   10.8152
16920.47  -3.6515   -0.0189    1.2486    5.2180    2.5736    4.4835    6.7263   11.6040    5.2596    9.4379   12.6974   16.9744   3.1978    4.9293    8.4122   11.4038
16891.89  -1.8627   -1.0314    0.2974    3.3858    1.2839    3.6289    6.8826   10.0066    4.8769    9.9518   12.7094   15.8189   4.2437    5.6357    8.4946   10.1232
16863.41  -1.8717   -0.0090    0.2604    2.8309    3.3834    3.4209    6.8811    9.3670    5.8800    8.4003   12.2040   18.7863   2.0707    5.5691    8.0780   10.6067
16835.02  -2.7450   -0.0872    1.4831    2.7468    2.5690    4.2737    6.0707   10.3287    4.8903    8.5648   11.7375   17.2961   3.5809    4.7589    8.4276   12.5726
16806.72  -1.2608   -0.8529    0.2151    2.6314    1.7480    3.1159    8.1449    8.5157    6.1460   10.5168   11.9983   17.2943   4.0549    5.9923    8.3808   10.9894
16778.52  -2.5067   -3.2948    0.1721    1.6007    2.8939    4.4429    5.6116   10.2269    6.8574    9.0922   12.9762   16.7750   3.6055    6.0201    7.7233   11.3970
16750.42  -1.3759   -2.2988   -0.5801    1.7383    2.2277    3.7587    6.4849   10.7572    5.5769    9.6744   12.9168   17.2887   3.1277    6.8005    8.2826   10.9229
16722.41  -1.0733   -0.5907   -0.9715    0.0104    1.7799    2.2192    5.2572    8.5147    6.4508    9.0412   11.7770   18.0400   4.7573    6.3670    7.8127   11.3880
16694.49  -2.5738   -0.7555   -1.0682    1.1714    2.3584    3.7740    6.8226    8.4521    5.3087    9.0984   12.5506   18.0510   4.0218    7.0068    8.1801   12.6592
16666.67  -2.1660   -1.2337   -1.2536    0.3012    2.3701    2.3016    4.1794    8.9315    5.9720    8.8801   12.8238   18.7163   3.7589    6.4328    7.9120   10.1207
16638.94  -3.2309   -1.3092   -1.9400    1.2936    2.0411    2.3558    4.5704    9.5411    6.3815    8.6399   12.8589   17.4742   4.6319    7.7232    9.9736   11.0975
16611.30  -3.1008   -2.5961   -1.3221    1.8395    0.7840    2.3169    5.2826    9.6951    5.3931    9.6733   12.9715   18.3230   3.4974    6.3136    8.7642   12.8640
16583.75  -1.3383   -1.5809   -1.9036    0.2835    3.3764    3.3517    5.8274    8.1107    6.4977    8.8484   13.3931   18.5106   3.1205    7.7525    9.3922   12.6768
16556.29  -2.1969   -0.0292   -0.4474   -0.9615    1.9892    2.0882    7.0495    8.7206    4.6645   10.2496   12.4212   18.5951   3.7485    5.9797    9.6578   13.1711
16528.93  -2.4964   -1.0910   -0.9650   -0.2538    0.9539    3.1860    7.3266    7.9831    5.1581    9.5479   13.9400   18.0935   4.4950    7.5380   10.6677   13.2917
16501.65  -0.7598   -1.9595   -2.2588   -0.5290    2.3404    3.1778    6.1776   10.9414    4.4188    8.6143   12.5181   17.9977   5.2476    5.6568    8.8365   13.1153
16474.46  -2.2067   -1.1856   -1.2027    0.3825    1.7102    3.9634    5.3302    8.1997    6.3848    9.7107   15.3291   19.0145   3.2385    7.3631    9.5527   13.9704
16447.37  -1.6004   -2.5790   -3.0895    0.8339    1.3870    2.3839    4.7363    7.9561    6.2415   10.7699   14.5534   20.6320   4.7062    8.4496   11.0945   14.7428
16420.36  -1.7915   -2.2256   -1.2668    0.3874    1.9146    3.3421    5.7915   10.8132    5.5038   11.9672   15.3881   20.9044   3.2247    8.4767    9.9167   14.8292
16393.44  -2.6644   -1.9022   -2.0401   -0.1816    0.8169    2.0032    5.5879    9.7379    5.1387   11.4695   16.6848   22.1579   5.1314    8.3335    8.6364   14.7017
16366.61  -2.8336   -2.0517   -1.2805    1.0053    2.9386    2.8149    6.4735    9.7562    6.9007   10.6116   16.1871   20.4032   5.3788    8.6016   10.7825   15.8959
16339.87  -1.6496   -1.8011   -2.2100   -0.6645    3.2942    3.4269    7.1227   10.1042    7.3493   12.1630   15.5666   22.5785   5.6997    7.5334   10.8524   16.9118
16313.21  -2.0098   -1.0756   -0.7395    1.0504    2.4748    5.9879    6.1786   11.5280    6.6504   12.1605   15.9842   22.8560   5.8695    9.6226   11.5012   16.4664
16286.64  -2.1566   -1.6529   -2.3195    0.8835    2.7806    4.6197    6.6470   10.4221    6.8394   13.0347   16.3828   24.0322   6.5294    8.3223   12.2891   16.3571
16260.16  -1.6801   -3.1260    0.4083    2.7862    0.7286    2.9249    7.3387   12.5510    7.0785   11.4677   16.4652   24.0232   5.4662   10.5116   13.0072   18.0102
16233.77  -2.6718   -1.1041   -1.0884    1.5911    2.2319    4.1302    6.4360   12.7966    7.8963   12.2849   17.7884   25.8768   5.2977   10.6014   13.0719   18.7845
16207.46  -0.8711   -1.3366   -0.8271    3.4966    2.7419    4.3521    8.0768   13.5275    8.0615   11.6407   19.6679   24.9169   6.7758   10.5824   15.6159   19.3692
16181.23  -2.5918   -2.0804    0.2381    0.3967    2.4949    4.1177    8.2812   13.4693    7.5830   15.0161   19.3205   26.6585   5.3675   10.5205   14.4825   20.8453
16155.09  -2.4101    0.1959   -1.6919    3.4910    2.9318    5.6312    7.9325   14.0348    8.6791   14.3996   19.7730   29.8618   6.3254   11.2966   14.9412   19.9162
16129.03  -2.2970   -0.2209   -0.4474    3.0142    2.1197    5.1776    8.8422   13.6157    7.7946   17.2418   20.0265   29.0618   7.3185   12.8193   15.9385   21.8097
16103.06  -0.6462   -0.6222    0.2204    4.0179    3.9224    6.0321   10.8517   14.9564   10.0799   15.9831   21.8758   30.3098   7.0775   12.1564   17.8880   22.2275
16077.17  -0.7048   -1.8037   -1.3960    3.4512    2.2921    6.3978   10.7309   16.9043    9.3422   16.0076   22.0307   31.4918   5.7897   14.2669   18.5855   24.6694
16051.36  -1.9323   -0.6280    0.5268    3.9352    4.5012    7.6655   11.1738   18.2807   10.2796   17.4757   24.2370   33.8681   8.5054   12.6700   17.4726   25.5171
16025.64  -1.3445   -0.4593    2.1662    5.5899    5.2562    6.8880   10.9763   19.2195   11.3684   17.0106   24.0742   34.2447   6.8633   13.2247   19.5264   26.5114
16000.00  -1.3336   -0.2146   -0.0122    6.8421    3.4320    7.7823   12.5957   19.0708    9.9432   19.4584   25.3651   36.6415   8.2568   14.6233   21.0128   26.9654
15974.44  -1.4667    0.8652    3.4321    7.1444    5.5161    6.3475   13.3784   22.6911   10.6725   19.7181   26.2242   37.6902  10.3609   14.9956   20.5114   28.0712
15948.96  -0.0966    0.6812    1.9266    7.0877    5.8200    7.0397   14.6494   22.1951   11.5629   19.7364   27.5454   37.7080   8.1057   16.3515   21.2432   28.9500
15923.57  -0.3104    1.1726    4.0637    6.8107    5.1954    8.8511   16.0711   21.8839   13.7996   19.8481   28.2407   40.4828  11.0599   15.1371   21.0369   30.1244
15898.25  -0.6809    0.7895    3.2270    8.7154    6.8676   11.9939   15.0419   22.6670   12.6405   20.7040   30.2775   42.8845   8.2318   17.7458   23.6659   31.7488
15873.02  -0.2654    1.0119    4.5020   10.1032    6.1991   11.3571   17.3180   26.1953   13.4371   21.6603   31.2615   43.5368  10.5980   16.7510   25.8090   34.2587
15847.86   0.2617    1.6137    3.2420   11.2569    5.7677   11.0038   16.2201   25.4893   14.5707   21.9421   33.2651   46.5154   9.4181   18.7058   25.3850   35.0790
15822.78  -1.1861    1.2852    5.9534   10.2990    8.1997   12.0938   17.0002   28.0338   14.6606   23.8141   33.8529   48.2901  10.5916   20.0461   25.9600   37.1373
15797.79   0.9205    2.3233    6.4421   12.4525    7.5021   13.3472   19.1076   30.9551   16.2181   27.6414   36.0487   49.7413  11.5411   20.9299   28.5835   38.3708
15772.87   2.9632    2.7880    7.9129   14.2579    7.7043   14.8273   21.1694   32.3813   15.9930   27.3025   37.3113   50.7773  11.5188   22.8092   28.8333   39.4633
15748.03   1.5712    3.2957    8.9668   12.8639    8.7321   14.6696   22.0845   31.8185   16.8364   27.2614   37.9057   53.8490  11.4463   21.9331   29.9201   42.7139
15723.27   1.0489    4.0139    6.2833   17.5180    9.0122   15.2553   22.6933   35.6701   18.4102   28.0674   39.6190   56.3895  14.4753   21.3579   30.4545   42.3860
15698.59   1.2937    3.0808    8.0003   17.8703   10.4424   15.6479   23.0956   37.2680   17.0819   29.5307   41.8394   58.8729  15.2046   23.9564   32.5448   45.3434
15673.98   0.6432    5.3276    8.7398   18.7566   10.0688   15.2123   25.5831   37.8451   17.6549   30.3610   43.6270   60.1744  13.4563   25.1605   33.7313   47.6959
15649.45   2.3423    5.7999    8.9825   19.2150   10.3281   17.6189   26.6226   38.5050   18.9402   31.5103   43.6942   62.9617  15.0772   24.7931   34.8220   48.5553
15625.00   3.5830    5.3962    9.9801   20.7927   11.9356   17.4080   25.7710   40.3761   19.2946   33.2368   45.7657   63.3046  16.5885   25.6347   35.9932   51.2891
15600.62   4.3431    7.3422   10.2536   21.5765   10.9033   18.4892   28.2754   44.5523   21.8092   34.7123   47.5890   68.4676  14.4190   28.1569   38.3118   52.1056
15576.32   4.7095    6.7857   12.0163   23.1095   12.9315   18.9626   28.5000   45.4671   20.9475   36.8157   49.9283   72.3771  14.9586   27.4068   36.5042   54.6412
15552.10   3.0993    6.4630   13.3495   26.0271   12.6651   20.0106   29.9104   46.4106   23.2114   38.9876   51.6941   73.2818  18.4290   28.2571   39.8678   55.6820
15527.95   4.7625    7.7307   13.7706   24.7950   12.1418   21.3094   31.9661   49.8722   23.1705   37.9208   53.3586   76.0639  17.8631   30.2479   41.9929   58.0546
15503.88   3.4133    9.6187   13.7837   27.0481   12.6579   22.5819   33.1211   52.6237   25.1872   41.3470   55.7775   77.9342  17.9623   31.0014   43.3297   60.3771
15479.88   5.3854   10.1435   15.8562   28.8392   12.7116   24.0799   35.1966   55.3888   25.2075   41.4971   58.8689   81.0387  18.0429   32.5592   45.3691   63.2097
15455.95   4.4088   10.0866   17.7241   31.3125   14.9945   24.0344   35.4976   56.0870   24.6307   42.0228   58.5189   84.2314  20.1324   32.2009   47.8532   64.8902
15432.10   4.7796   11.1761   17.7694   31.5282   16.4855   25.8903   37.8019   59.4016   26.0719   44.7582   63.9366   88.4413  21.6852   34.4151   48.2162   66.2785
15408.32   6.9333   11.0766   18.8194   32.8710   16.5799   27.2938   37.4321   62.2070   28.1476   47.2593   64.4474   90.6548  20.5399   35.4885   48.7825   70.6788
15384.62   8.2196   10.9490   20.5068   34.5506   17.6638   26.8709   42.4321   60.7629   27.6330   48.3498   65.9925   95.0781  20.5416   37.6793   50.8281   74.2939
15360.98   7.7898   11.7180   20.2244   36.2336   16.9709   30.8311   43.3410   65.5224   30.2430   50.3657   70.4733   99.0071  22.3467   38.2487   54.2025   73.3103
15337.42   5.8852   12.0090   21.4413   36.9667   17.7114   31.6842   44.8603   66.7923   31.5432   51.9097   71.1935  100.2160  24.9314   39.9404   55.9678   76.9536
15313.94   6.3273   13.0082   21.5878   39.2027   19.0894   30.7361   45.8972   71.3895   31.8736   54.4275   74.2877  104.9942  24.0682   39.8222   57.5825   80.3269
15290.52   8.0863   15.6318   23.1478   40.1112   21.0215   31.6830   48.2844   71.6960   33.7312   54.1459   74.9287  107.7659  24.3080   41.3714   59.4913   81.8996
15267.18   8.4625   14.0240   23.3666   43.0785   17.6110   36.1842   50.1185   74.5353   34.2138   56.8784   78.3505  109.7266  27.1942   41.2506   60.2405   85.8946
15243.90   8.6151   16.4047   24.8693   43.6772   21.0460   34.7743   50.0219   77.5054   35.4943   58.7006   81.1843  115.5854  27.9818   43.9330   61.3158   86.2313
15220.70  10.4580   16.5138   26.3002   46.0420   20.9556   36.0636   52.0471   80.5692   36.3874   61.3072   82.2637  118.0210  27.5926   45.3187   65.1110   91.6590
15197.57   8.7387   18.1452   27.4939   46.7566   21.9392   38.2086   54.7322   82.1467   36.8851   61.4557   86.1776  118.7457  27.9098   46.6474   66.7669   93.6114
15174.51   9.6317   18.3598   27.3592   46.8824   21.7565   39.2124   55.4621   85.6576   38.8523   64.7626   88.4000  124.8930  30.7278   48.7623   66.2527   95.7443
15151.52   8.5127   19.7467   28.4245   51.1128   23.7406   39.5853   57.1845   87.6150   38.6956   66.3188   90.8869  127.3620  31.1388   50.0328   69.9085   97.7570
15128.59  11.5300   18.2820   27.3762   52.1498   25.1512   43.2803   59.3507   91.6436   38.9124   67.5711   92.7970  132.3070  31.5387   50.9484   72.0279  101.3964
15105.74   9.5689   20.5862   29.3971   52.7073   24.9042   43.1234   61.1264   94.0375   40.5010   69.2090   94.4210  135.8981  30.8025   54.2200   74.0909  102.4766
15082.96  11.3116   19.2067   31.5572   55.7292   25.5965   42.7664   65.3751   94.7737   41.6328   70.6183   99.1018  138.4547  32.9016   54.7415   76.1093  105.5987
15060.24  11.4038   19.3272   32.8197   56.7636   26.7397   45.3060   66.2361   98.6683   43.5224   72.0348  100.3196  142.5790  33.8497   55.8588   77.2425  110.7270
15037.59  13.1509   21.7840   34.5648   57.2010   27.6859   46.8636   66.8376  101.2385   44.3855   74.7885  104.2289  146.1706  34.6058   58.4961   79.2063  112.4829
15015.02  12.3227   22.9333   36.3400   62.3633   29.1615   46.9498   68.5915  104.2669   45.8058   76.9744  107.4865  147.8229  34.4058   58.1898   80.9182  115.1823
14992.50  13.4452   24.5206   36.0355   61.7305   28.5126   47.0813   71.1684  107.6923   47.3428   78.7266  107.7063  153.3743  35.5881   57.4216   82.2737  117.7005
14970.06  12.6232   23.1236   37.2585   62.6469   29.1510   48.8487   72.7083  108.4023   48.7459   81.7859  112.2576  156.3133  38.3035   60.7966   87.1158  121.3116
14947.68  13.4010   23.4606   37.9596   65.5913   32.7349   52.9226   75.3818  111.6739   50.0867   83.3816  113.5748  163.7116  37.8653   61.7595   88.3995  123.5372
14925.37  14.2415   22.6962   38.9999   68.2355   31.2669   52.3150   77.0971  115.8759   52.0543   84.6451  119.0408  166.3953  39.0494   64.4924   91.6337  128.7278
14903.13  14.9093   24.4589   40.7986   68.4438   32.2709   54.0080   79.6060  119.5382   50.2301   88.2742  120.3018  170.6007  39.8663   66.7576   92.6697  131.3687
14880.95  14.6800   25.3873   40.5481   70.4343   33.6551   55.9095   79.9934  121.3792   54.6204   89.6648  124.6870  175.0896  39.9676   66.7985   94.5077  135.3936
14858.84  15.4814   27.8105   41.3893   71.4145   33.9142   57.7134   82.8811  124.0009   54.0714   92.5315  128.2140  178.2669  42.6492   70.1854   99.8124  136.5375
14836.80  15.2270   28.4211   43.3407   72.7716   35.3978   57.3126   83.8163  127.8999   56.9646   95.0592  128.6284  184.7643  42.5010   71.8085   98.6545  140.0753
14814.81  16.3703   27.6201   42.7839   73.2300   34.4112   59.9839   86.6819  128.9608   59.1679   97.8040  133.2243  189.1879  43.6933   73.3986  101.7278  142.7939
14792.90  15.8707   27.2394   45.2771   76.3962   35.4117   61.3003   88.2502  132.7134   58.6587   97.6950  136.5192  193.0881  45.0089   75.3416  103.0911  147.6247
14771.05  15.7642   29.0064   46.0278   79.8067   36.5756   63.9687   89.1080  136.7920   61.1273  100.8879  138.9794  197.5806  44.8567   79.1016  106.2466  152.7841
14749.26  16.3959   29.6826   47.2227   80.5058   38.5998   64.7444   92.5644  136.9691   59.9349  103.2602  141.5366  200.8229  46.7473   78.3356  110.8554  155.2696
14727.54  14.8730   30.6081   46.7027   82.9503   37.6870   65.9913   93.9997  140.7283   63.5527  105.5880  146.1116  204.9480  50.4544   77.9831  112.0396  156.6711
14705.88  16.5123   32.1407   47.2758   83.2785   39.7930   67.3655   95.2898  144.5153   64.7851  107.7745  149.9907  209.7620  51.1372   82.7147  113.0680  162.0363
14684.29  16.5326   30.2972   49.4239   83.2133   40.3608   67.3602   97.2533  147.7158   65.7136  108.8812  150.0890  213.6889  51.0655   84.7445  117.9877  164.2501
14662.76  17.1923   33.3846   49.4434   87.2296   40.4753   67.7679   98.9975  150.5220   67.5810  112.1886  155.3471  217.9495  49.8318   84.9264  116.8518  166.1964
14641.29  17.0086   33.9738   50.1888   88.1599   42.8468   69.5202  100.1907  154.6418   67.8957  114.2245  158.0245  221.8719  52.4647   86.8916  120.2973  169.1800
14619.88  17.8056   34.4682   50.7020   88.7248   40.6086   71.7597  103.1811  155.3803   71.7543  115.1815  162.7194  226.4626  51.5693   89.7107  124.0327  173.1096
14598.54  18.9221   32.0131   51.7408   89.4994   42.4012   71.8333  104.5584  156.5362   70.0101  116.4133  162.5258  229.3013  53.4865   90.1666  123.1719  176.7927
14577.26  19.1996   35.5191   53.7963   92.9346   43.5298   75.2074  106.7170  162.3993   71.5943  117.6440  166.0451  234.7624  53.2800   88.5946  127.9026  179.4423
14556.04  18.5251   34.0892   53.5678   89.6039   43.4481   73.6359  107.1003  164.4220   70.5817  122.6883  169.5348  237.8865  54.5563   92.8581  130.0356  181.7433
14534.88  18.2139   34.1935   56.8546   94.0624   46.3937   75.1106  107.7042  166.9790   74.4006  122.9141  170.4801  241.0935  54.3597   95.6329  132.7769  184.0868
14513.79  19.3544   34.3697   52.6900   95.7467   45.7713   78.8293  112.7343  167.1736   76.9513  125.3608  173.1324  245.5447  57.9883   95.2213  134.3070  187.2910
14492.75  19.5566   36.8118   56.3028   97.9321   46.4976   78.8573  111.8310  171.0168   74.6798  126.0308  178.7280  249.6114  57.5789   96.4405  133.4123  190.0515
14471.78  20.4263   38.0140   58.3021   98.6518   46.9620   79.6068  115.8173  174.2773   76.9039  128.9518  177.6808  250.5646  59.1275   97.4660  135.1412  194.4294
14450.87  21.4400   35.3541   58.2076   99.7731   48.6581   78.1677  118.6312  174.5357   79.1077  130.3680  179.1325  256.0470  59.1815  101.6565  139.7251  197.3580
14430.01  21.3143   38.8153   58.2466  102.3323   49.4046   84.0142  118.1240  177.6814   82.5343  134.6277  183.8033  257.9526  59.9898  101.1378  141.7161  200.2142
14409.22  20.4567   39.7207   61.8821  102.7538   49.4610   84.6029  123.7561  182.0681   78.8128  137.6234  187.8291  265.4899  61.9931  101.0336  142.0482  202.3971
14388.49  20.1193   41.5554   60.8910  104.8308   49.4498   86.8773  121.4673  184.7609   84.2391  137.9450  190.9216  269.5063  62.8336  104.5108  146.6961  205.9173
14367.82  20.1168   39.8569   62.2966  107.0515   50.7405   87.1357  123.7131  187.9980   87.3003  139.2558  194.1985  273.3864  62.0279  106.4305  148.5153  209.9432
14347.20  20.7196   39.0942   62.6184  107.8964   52.4907   87.4025  125.5287  191.9310   85.4051  142.2188  195.9646  279.9901  63.5600  106.8229  151.2218  213.7640
14326.65  21.6533   39.8042   62.2377  109.5600   54.0936   89.4958  128.6877  192.4212   86.6787  144.1331  201.4244  285.5341  65.9100  111.0688  154.8109  212.7305
14306.15  22.8835   41.1538   64.0340  112.2021   53.0575   88.8340  130.9611  198.0729   89.1058  147.8204  204.8707  288.0660  66.9497  115.9215  157.5245  220.0344
14285.71  22.7285   43.1919   64.0593  113.3406   54.1935   89.6716  131.4194  200.0442   92.4254  149.8755  210.1787  294.7244  69.7780  115.9637  160.8391  227.1624
14265.34  23.2581   40.2566   68.4993  114.3056   57.8207   95.4490  136.1074  206.8184   93.2434  152.5888  213.2306  297.3127  73.9172  115.6480  162.1243  228.6926
14245.01  23.7661   42.6275   66.3530  116.2982   54.7597   92.3712  137.7448  209.0269   93.5133  155.4332  213.6173  304.8143  72.6259  118.8927  165.4327  235.5385
14224.75  24.6204   45.0538   67.9014  120.2561   60.4963   94.5005  138.2435  212.2936   96.5363  156.7407  219.4665  309.5148  74.8735  119.6850  168.6060  239.0195
14204.55  24.2405   45.3477   70.8710  120.3247   56.8334   96.1898  140.1615  214.3748   97.3246  159.2971  224.5440  315.1078  75.9681  121.7541  170.6330  242.7262
14184.40  24.7455   42.9788   70.6247  118.3716   58.1587   98.7029  141.9968  218.2346  100.0956  164.9852  224.1941  320.1135  73.8032  125.9865  173.4567  244.9376
14164.31  24.2143   45.4504   71.0638  123.8276   59.1560   98.6909  146.3060  221.1370   98.7661  165.8458  231.2226  323.9365  77.4678  127.8561  176.3500  250.1765
14144.27  22.6207   43.7242   71.7390  126.2439   59.2452  101.3723  145.8187  223.4702  101.1746  167.0376  233.5541  330.5666  77.4451  127.8993  176.2968  252.0606
14124.29  23.3195   47.0998   71.1103  123.9712   62.5636  103.9937  149.6297  222.5798  104.4241  171.1782  237.4357  330.8478  77.3692  129.5877  181.6276  256.0880
14104.37  23.9423   45.3232   75.3250  128.7523   62.1457  104.5054  152.4168  229.1525  103.7786  174.6634  238.6237  338.6061  80.6516  131.6675  181.1723  257.6949
14084.51  26.2584   47.9534   72.6809  128.3429   63.6307  105.1422  154.1219  232.2474  102.0371  175.2090  239.4456  339.1057  82.4865  135.2808  183.1490  261.7310
14064.70  23.8835   47.8874   76.3320  131.8487   65.2345  106.4887  151.5884  236.1034  104.1597  174.0901  242.2022  344.0992  83.4433  136.8652  187.1045  261.3854
14044.94  23.8758   49.1723   73.3876  133.9572   61.6067  109.3691  154.0190  237.2647  108.4990  177.9518  243.4022  349.4301  81.0756  132.4782  187.9228  265.8297
14025.25  24.2899   48.8824   74.7563  133.6365   65.8605  108.1445  157.4477  241.0269  107.9466  178.1617  247.8890  350.9976  82.1071  137.6252  190.0380  267.3290
14005.60  26.4562   50.8191   78.6151  136.5397   63.4693  110.2235  160.2588  240.2356  108.3560  180.9743  246.1817  354.0827  84.4923  139.4150  190.5338  272.5753
13986.01  30.0931   50.4738   79.2997  141.5788   64.7022  109.1474  161.7937  240.8347  108.7896  180.8920  251.8240  357.8098  82.9452  135.7964  191.5143  273.1128
13966.48  27.5669   52.4615   81.3687  142.0040   68.3370  111.9519  159.6587  247.4934  109.3387  182.2562  252.6646  356.0917  82.3543  141.5074  191.9346  276.5468
13947.00  28.3428   52.6334   81.5701  139.0833   67.6249  114.8362  160.5077  249.3354  110.9221  184.0158  256.2303  361.0193  86.7019  142.0526  195.3719  278.4809
13927.58  29.8159   53.7489   84.8332  142.3200   70.2030  113.9159  163.1274  250.6238  113.8290  181.4229  258.4765  363.0810  84.7178  138.6137  197.2192  278.2603
13908.21  30.0446   53.3997   87.8614  145.4566   69.1130  113.8101  166.4040  254.9308  110.6722  189.2452  259.3054  367.3743  86.6095  144.6328  198.6954  281.9013
13888.89  32.7853   56.6961   85.8641  148.3089   68.7561  117.1702  169.7497  255.7739  115.8053  190.2769  260.5248  370.8687  87.0151  142.1031  198.2617  282.8076
13869.63  31.9958   57.7999   88.9847  149.8264   69.0233  118.2755  173.7853  262.7133  114.4263  191.3510  264.9710  374.9748  88.6993  145.9368  200.4040  286.9466
13850.42  31.8399   61.9350   87.2207  152.8543   75.2978  118.6600  174.5641  263.8661  117.3999  194.5881  271.3457  378.7474  91.3413  147.7937  206.3675  293.9226
13831.26  32.3432   58.1535   90.7191  156.6246   74.5480  123.2079  176.9216  267.0802  114.5469  194.6572  274.0485  385.6823  87.3852  148.6222  209.4258  295.9354
13812.15  35.3009   59.9188   95.9154  155.6926   73.2318  123.7188  181.2258  271.7026  121.0701  196.5811  274.5833  385.9569  94.4676  150.5181  213.5688  300.7314
13793.10  32.6519   64.2906   95.3197  161.9120   75.9595  128.9635  184.6326  273.8971  120.5520  203.1206  278.4373  393.1667  93.0701  156.1365  215.4078  305.9698
13774.10  33.8921   66.8886  101.5550  167.2378   75.0684  129.2772  186.2056  281.1577  120.4704  203.2445  283.6873  398.9135  91.1128  154.8692  218.7688  308.5120
13755.16  37.8685   68.0815   99.9608  165.8928   73.5952  130.3340  189.5961  283.1493  123.6618  206.5591  286.4474  407.5141  92.3411  159.8096  221.3897  317.1103
13736.26  37.2597   68.4779  101.0143  171.1189   78.4907  132.2420  191.9413  290.6352  131.2702  210.5804  291.8514  412.8926  98.1011  160.7389  227.3323  318.4403
13717.42  40.8782   67.3079  101.6956  173.2104   77.4309  137.0091  198.6301  290.9343  131.3560  215.8144  300.9862  418.4321  98.9501  162.7156  232.9984  323.2942
13698.63  33.6000   67.4633  103.8871  178.9081   81.1726  139.8419  197.7883  294.1468  128.8165  222.3612  300.9620  425.6671 100.5793  165.9568  236.8752  330.9235
13679.89  39.1178   70.6157  109.5461  180.8944   83.7667  137.9916  201.0259  300.7276  134.9624  219.2278  304.6926  432.7602 104.2989  171.0482  240.6928  335.2523
13661.20  40.8767   72.4324  107.1822  185.8385   82.9193  140.5303  203.9590  309.4348  132.6915  224.7958  311.7456  438.7090 103.7200  170.3414  245.4402  342.5746
13642.56  39.3804   71.7174  113.8312  185.7226   85.9574  141.8094  204.0806  311.1411  136.5489  226.1251  315.0420  443.2030 102.3325  178.3290  245.9407  345.6812
13623.98  41.5717   72.0823  113.4280  191.2708   82.3965  142.5095  211.7033  315.7936  137.9293  229.8731  316.3589  447.7067 108.1340  179.4492  247.1023  353.0895
13605.44  42.7811   73.7105  116.5674  190.3745   90.2390  142.7840  209.8239  319.2340  137.0020  228.5613  320.4944  452.1533 111.4803  177.6651  249.9044  352.1948
13586.96  40.7147   78.2122  118.2447  195.3919   86.9172  148.1341  211.3640  315.8483  141.1273  228.5271  322.9220  454.9814 105.5721  181.9599  249.5517  357.6849
13568.52  42.6298   73.9070  122.6081  191.5011   89.1226  153.1018  214.1027  329.7681  137.5197  232.8183  327.3797  457.3845 108.4268  177.0365  252.0663  360.6590
13550.14  39.2742   73.5983  124.2189  198.2130   91.4567  149.6765  214.0033  331.2929  139.9767  232.7882  329.4000  463.6291 104.5675  181.6901  255.6091  357.1697
13531.80  45.2291   78.1911  118.3229  199.3948   85.5447  153.6662  218.0589  329.2566  138.8899  232.5324  327.3092  462.5420 113.7510  181.9133  256.7800  363.8701
13513.51  39.9560   80.8124  122.0038  201.3181   87.8657  149.8460  218.2604  331.6766  142.7137  233.4199  326.4950  457.9954 109.8732  186.9146  256.6413  361.9821
13495.28  47.2938   80.0268  123.0457  202.4881   91.1536  151.4749  216.3976  324.3402  138.6057  235.1599  333.6852  461.7298 115.0643  185.8949  254.8444  363.3389
13477.09  44.1280   81.2557  123.6652  208.2805   89.8149  149.5838  216.8301  325.6719  141.1789  232.5240  328.8102  460.6498 109.9030  180.5605  256.5478  359.6710
13458.95  49.7032   81.5831  119.8219  205.9021   95.0541  153.3117  220.2552  330.6712  140.5319  234.8036  325.3706  460.1625 110.4611  183.0140  254.9548  362.4845
13440.86  44.2961   82.8109  124.3606  207.1698   88.4717  151.3517  223.1680  328.3621  134.9674  235.1556  320.3001  453.3784 113.6966  180.4407  253.4582  359.9436
13422.82  46.3233   83.6140  127.4927  207.6869   93.8269  150.9604  219.6977  329.4400  139.4126  230.9239  322.8329  458.3973 110.1816  181.2274  253.6509  358.1889
13404.83  43.7764   87.5911  129.8145  213.3047   91.7784  153.7132  218.2684  328.2976  138.4733  232.3644  322.6837  455.3002 109.8498  180.5102  248.7664  359.9468
13386.88  49.7514   86.8638  130.4636  212.5078   89.3804  153.7393  219.1344  328.0840  139.3173  232.9338  319.8213  453.8460 111.8055  184.7625  249.6534  355.1642
13368.98  53.3894   88.3032  132.6430  218.3953   93.1146  156.9531  221.5688  330.6171  140.2090  235.9620  319.6548  451.7871 106.3709  180.8972  252.4090  351.7683
13351.13  49.5594   88.0975  137.7969  220.2635   94.5029  158.0625  223.3388  330.8949  139.3058  230.0833  319.1267  455.1289 112.2696  182.7288  251.5383  359.3391
13333.33  52.9198   90.3541  134.5048  224.9855   92.4022  157.9200  230.0349  337.0542  142.4731  228.5965  320.0091  457.2493 104.3924  180.9209  250.0313  357.5742
13315.58  60.5342   95.4262  139.8069  223.9370   94.8569  160.2826  229.8413  342.0265  142.3057  234.5751  326.6973  465.9545 110.4058  183.8192  254.4821  364.3296
13297.87  55.4576  101.8860  150.2358  234.1535   95.9356  166.1880  236.8241  344.3166  142.6406  240.1300  326.6856  464.1859 110.1484  183.6701  258.7505  366.8360
13280.21  60.3893  104.0473  148.9878  240.3986  100.4266  165.6878  234.0838  351.4800  145.9382  241.7138  336.3544  472.5356 112.0626  191.4876  263.5084  367.9794
13262.60  57.9968  104.1920  151.8720  245.8866  102.7264  172.5343  241.4893  360.0973  143.9082  241.1678  338.2557  479.5638 113.1705  185.3354  266.9775  377.6089
13245.03  52.5790  106.8198  164.1953  249.7586  105.1338  176.1516  247.7392  364.0614  148.8166  249.0944  345.1841  485.8406 114.3675  196.5186  274.1018  385.6434
13227.51  59.4391  106.1793  161.7623  254.8672  102.4039  175.7716  254.6909  375.4844  150.6457  252.4186  349.0836  492.5503 118.6128  201.7403  276.6103  392.8569
13210.04  64.3269  113.5085  162.2827  258.3913  106.6840  182.7782  260.0222  385.9217  159.6379  261.5660  357.6312  505.3401 126.3233  200.8157  282.5417  402.4126
13192.61  67.1963  108.5822  167.9960  269.2099  112.6264  178.7362  264.3886  386.3166  159.0240  264.6945  365.4581  517.5154 125.5223  210.6768  293.3428  410.3392
13175.23  66.5060  116.3242  170.9870  274.3798  111.1532  187.2790  271.9601  398.7611  160.8807  264.7495  369.9081  520.3192 127.4922  213.5031  297.1897  415.1948
13157.89  67.5418  114.2752  175.0345  277.9121  111.1212  190.3661  271.9455  408.3555  155.0170  267.7916  377.0182  535.1835 128.9564  218.3720  301.4175  428.7745
13140.60  68.0275  123.1890  183.0477  282.2266  119.3799  197.4903  278.5208  407.4151  160.0154  271.5324  385.2222  542.2474 133.8529  217.4865  306.9788  430.7815
13123.36  71.0541  122.2629  178.2258  287.1899  116.3859  190.5373  280.8696  415.7013  168.8769  278.7608  388.0738  552.0613 136.4407  225.4974  312.3156  441.1766
13106.16  71.3440  125.7051  183.7252  291.8438  115.5554  200.5706  281.5150  416.6569  166.7644  279.4220  390.5550  553.3404 140.6976  225.6993  313.2232  444.9747
13089.01  73.6785  127.2674  187.8338  292.2086  117.1296  197.8009  282.2943  424.7717  167.5765  281.6238  393.0286  551.0938 135.9092  224.0845  317.1181  445.9678
13071.90  79.7951  124.2202  187.0829  293.4863  115.8881  198.9840  282.6963  420.6501  170.4634  277.0403  389.1271  548.5403 132.0996  223.0940  310.7175  446.3370
13054.83  69.6557  128.0639  185.3214  296.1694  116.7968  194.5389  283.6829  412.2922  170.7357  277.6394  389.7161  545.3162 132.6325  224.8954  314.0917  442.7071
13037.81  68.5071  126.2738  186.2104  288.9923  111.6186  196.3292  279.3546  410.8273  162.0316  276.5245  386.3746  538.7086 135.3041  226.9445  313.3193  438.1524
13020.83  71.6315  126.9901  184.3918  289.9328  115.2322  196.0827  276.8116  411.4221  161.8845  272.4056  378.8843  536.5972 130.6385  218.6702  306.2889  439.6278
13003.90  76.3732  125.3260  182.8096  288.0784  113.8186  193.2488  270.6300  405.8198  160.8397  265.8300  368.5371  523.0221 127.9216  216.0180  303.5335  425.4998
12987.01  73.8072  121.6916  182.9411  283.3429  116.1167  189.4805  265.3798  394.0747  159.6441  258.0537  361.3499  516.2451 129.0351  211.5870  296.6608  418.2482
12970.17  73.0064  124.8777  177.7539  279.2886  112.1324  182.3555  261.5480  383.0413  154.7404  250.6653  353.4320  500.9817 126.6544  206.1494  288.1420  401.1901
12953.37  71.3227  120.1646  178.6147  277.0983  104.9119  178.7221  254.1264  377.0120  150.5602  247.3314  341.4300  482.4103 119.5866  197.3589  274.5392  394.0109
12936.61  67.0476  121.2772  174.9140  271.4687  104.8355  176.5337  248.2082  369.8634  144.6251  242.1898  331.8134  469.3372 115.8217  197.1049  267.6386  380.0652
12919.90  69.0547  117.9183  180.3025  267.8889  104.9075  173.4929  244.9644  365.7548  139.7832  229.3611  319.5817  453.0003 105.0004  188.4570  254.4482  370.9420
12903.23  71.1326  115.9336  171.2558  261.8340  106.1297  168.3116  238.4307  349.5033  136.9398  225.5419  314.4588  441.7667 110.0821  178.5373  247.9870  357.3091
12886.60  70.4545  119.8783  173.0767  262.5500  102.0422  166.8661  231.3186  340.9179  125.5754  215.1645  304.9769  426.5547 108.1782  173.4190  243.1259  349.6549
12870.01  68.5104  116.4785  164.8572  256.4267  100.8919  164.0521  228.9232  340.9541  126.3257  213.2447  292.6128  413.5448 100.6543  174.4321  237.8830  339.8574
12853.47  67.4048  118.7363  167.3972  254.2185   95.8027  162.7636  230.5703  334.8155  125.2598  207.1277  292.6092  405.2201  97.9444  166.8081  230.8522  331.1796
12836.97  70.4660  120.4810  170.7224  254.6008   98.7451  159.3167  227.3709  332.3241  121.7941  205.6366  286.8410  403.5888  98.2811  167.2125  230.2229  324.3538
12820.51  70.9664  121.2502  171.4380  255.1425   96.5102  159.5515  224.6065  327.9170  118.7967  208.1171  283.9221  401.2359  95.9844  167.0320  227.3753  326.9767
12804.10  74.5806  121.9802  171.5541  261.7987   95.7379  159.5000  230.8562  339.2269  123.2154  202.2020  285.3902  404.0116 100.9780  162.8524  229.2653  320.9121
12787.72  74.3024  126.3862  177.6319  262.8125   99.7013  166.2976  231.3870  337.6329  124.7137  205.6365  285.7927  402.2844  95.9082  162.5213  226.3218  321.4969
12771.39  73.7831  123.3636  182.6666  267.1744  100.6425  165.1859  243.4868  343.9674  128.1363  208.2943  290.4980  407.8170  98.8551  167.7347  231.0473  328.4760
12755.10  75.3602  127.0289  186.0515  275.7196  103.5947  174.1494  242.6077  348.3315  128.7106  214.3874  294.5118  415.7190  98.6408  168.5682  239.1334  334.8983
12738.85  77.1894  135.8569  189.2340  285.8184  101.7244  173.8211  248.4848  358.8120  130.3973  214.3388  305.0534  423.7824 105.1817  170.6332  241.9124  344.8210
12722.65  83.6052  140.6712  195.1205  290.9611  109.7336  182.2940  253.1320  365.9011  134.7182  224.1594  310.9807  440.9787 105.9963  177.7479  245.6377  349.3336
12706.48  84.7582  140.7600  204.7297  298.0341  109.1742  187.2294  261.4798  377.8658  138.0915  229.7804  319.5649  452.6107 108.1232  181.8799  260.0298  360.6971
12690.36  88.9739  145.9142  213.2916  309.9559  114.2985  196.2278  272.5040  390.2873  146.9819  239.8646  331.0059  465.2300 111.3433  186.8075  262.6532  370.9385
12674.27  87.4706  149.6643  212.8602  318.0164  121.5495  197.2639  276.5904  404.9818  146.5667  242.1567  339.1458  481.6225 117.6430  192.0318  269.5086  388.2751
12658.23  87.8094  153.8961  221.6625  330.1637  121.1755  204.5484  291.9221  416.0246  154.0002  251.7009  351.7781  496.4121 118.7854  197.3666  278.4202  398.6561
12642.23  92.1412  159.9590  225.4964  333.1191  126.9306  210.0731  294.2749  424.2909  156.4298  256.0771  358.8067  505.2790 119.6846  203.4266  279.3591  405.5220
12626.26  93.1467  158.1617  229.4276  342.8648  128.8561  211.4190  297.4687  433.8085  157.3699  264.5671  368.3845  517.2926 121.4112  205.4491  290.4294  413.3059
12610.34  97.5596  165.4921  235.8845  348.4647  126.5344  216.1637  305.7073  439.4047  158.6597  268.0075  372.7067  522.6975 129.3079  208.5805  296.1808  417.2967
12594.46  98.0456  161.5325  232.4224  351.4150  126.4248  216.5439  305.2283  438.4221  158.4982  267.5562  368.9103  525.4952 129.3708  217.3587  297.4266  419.7631
12578.62  98.5407  165.3380  237.1160  349.1288  129.6887  215.9142  307.8097  443.1253  163.6549  270.2509  371.3308  529.4390 128.2961  215.1488  294.8101  419.4003
12562.81 101.4259  163.4458  235.1836  349.2061  130.4125  218.0274  300.2174  440.4366  162.0439  265.9291  374.4927  526.2703 130.8898  210.6880  295.6300  423.3023
12547.05  98.4070  163.1415  231.0589  343.7855  129.0680  215.2582  301.5165  439.2537  158.6481  261.7263  369.9226  521.5826 125.3777  208.9372  292.7124  412.8504
12531.33  98.0180  163.6494  228.5734  341.4463  122.8550  212.9074  296.0922  431.2129  158.1743  255.6906  359.5897  508.0605 123.8671  205.2037  284.7037  402.4440
12515.64  93.6531  160.4735  227.3947  338.0363  125.7993  206.5777  288.7557  424.2721  151.6453  250.8221  350.1939  489.1349 116.9543  201.9803  276.5312  388.2963
12500.00  93.1280  160.3488  222.9949  335.1186  122.4068  206.0966  281.1627  404.2587  144.9390  237.7650  340.2716  472.3873 114.1907  189.7484  260.2908  371.6270
12484.39  91.7290  155.2255  219.6722  323.9493  115.3886  195.3723  274.0612  392.1410  136.0159  230.7335  318.4488  451.4830 109.5429  180.3394  252.8933  355.2668
12468.83  89.2535  151.3669  216.2243  311.5229  114.7508  187.4301  259.4243  375.0639  130.7728  220.6164  301.8379  424.3517 102.2980  169.2388  237.5843  335.2296
12453.30  88.1405  145.6701  203.9012  299.4122  105.4194  179.9314  250.9631  356.0698  124.7574  203.0584  284.7870  398.4667  95.1298  158.4858  220.0856  306.1545
12437.81  89.5030  142.5416  198.7511  289.4521   99.4077  170.3561  237.9115  338.8819  117.0314  189.4703  265.6486  368.7895  87.9678  141.4830  199.9312  283.3965
12422.36  84.4118  135.0063  192.7951  274.0749   96.3294  159.6463  223.0540  316.5159  102.9185  173.6012  243.7720  340.5960  78.1715  129.2678  182.6151  258.5637
12406.95  83.1093  135.6880  183.6549  259.4780   90.9808  150.1139  213.2052  297.6661   94.9864  159.4706  221.2193  309.8524  70.7279  117.3094  166.6669  231.3547
12391.57  76.3056  131.3045  174.9678  250.5743   86.4187  144.8470  203.6294  279.3727   88.6431  142.1571  197.8639  279.9501  62.7435  102.5012  143.1862  204.4033
12376.24  77.1084  127.6428  172.4504  241.0849   81.0806  134.9175  188.6293  255.2756   79.3646  130.8880  180.0570  253.3058  53.1011   89.3384  128.2854  178.1917
12360.94  73.2267  124.0095  167.1766  229.6062   75.2752  127.2323  173.1624  238.9630   69.0405  115.2377  161.5069  227.4798  45.1937   79.6339  110.9371  154.2961
12345.68  74.0761  123.6278  162.0210  221.3689   69.9059  122.8318  164.7586  224.7151   66.7535  105.8726  143.1010  199.8697  42.1257   68.7100   93.8705  134.8787
12330.46  72.1307  117.7348  158.8306  213.1339   74.5815  119.2328  155.5771  211.0698   54.1920   94.2811  134.2837  181.5613  34.2536   57.4681   82.1144  114.1734
12315.27  67.3212  118.9841  153.1945  207.7822   68.7313  107.8083  150.9893  199.6259   55.3773   89.2391  117.3094  165.0006  31.8965   48.5290   64.7052   95.8357
12300.12  70.9768  114.4982  153.5834  203.2385   69.5823  108.9862  147.9021  194.3509   48.6693   80.5142  111.3716  151.7049  26.2782   41.5374   57.3914   84.4746
12285.01  72.7916  116.2568  155.4504  198.9330   64.1635  107.6663  140.9096  187.7082   45.1615   74.4972  101.2162  137.4654  21.2977   36.2604   50.9276   69.2311
12269.94  69.3933  121.5435  156.8530  203.1204   63.8650  106.9834  140.3200  185.4495   42.1739   69.5289   97.7041  130.5250  22.9446   35.2260   47.4832   63.4825
12254.90  78.4193  124.0041  158.3475  206.7351   64.4124  109.3399  146.0066  186.1696   44.2362   69.1650   98.5964  131.0562  16.7838   32.4953   43.1281   62.0410
12239.90  78.8597  121.1035  161.0514  211.3498   70.4496  111.1319  146.2240  189.4629   42.1900   72.4815   93.9716  125.9948  18.0268   29.3172   39.1257   58.6229
12224.94  75.1441  126.6996  169.2052  215.0513   69.3932  113.3351  151.5462  196.9742   44.2248   74.5050   98.3072  134.0727  20.0248   30.8371   44.7702   61.7790
12210.01  79.7360  127.9050  175.8998  226.1628   71.7373  115.8059  156.6655  204.5077   47.9793   77.2622  102.6224  143.1007  17.8104   33.4323   44.9288   60.6661
12195.12  85.2025  137.6837  179.0376  236.2079   79.7035  125.0289  165.8433  218.3610   52.9509   84.3292  112.6224  152.4400  18.4041   36.0958   49.0762   68.3109
12180.27  88.0844  142.7910  192.3903  248.2176   78.5598  129.7124  174.2835  230.1626   52.4311   90.3924  124.1165  168.0426  24.1625   43.1801   52.7610   78.7244
12165.45  93.6731  154.2543  198.4647  258.1795   88.0762  138.4982  188.2390  245.7635   56.2167   97.4105  130.4458  181.0702  27.7180   45.9445   61.9626   88.5701
12150.67  97.4002  155.9541  208.7451  276.6093   93.5122  146.0811  198.1230  260.7271   62.3317  105.8583  144.1696  194.8802  29.3535   48.5876   68.9428   99.3366
12135.92 100.2209  165.6667  221.6600  291.2686   94.4062  156.2602  208.8235  279.0727   69.9374  115.4408  155.1774  212.1488  33.9951   58.3212   78.9707  109.1891
12121.21 107.4772  170.2992  229.2186  302.2920  102.3302  164.1091  219.5193  290.7856   72.6474  123.0111  168.8886  229.7659  39.2114   63.3630   85.2473  123.6688
12106.54 110.4741  176.6805  240.0683  316.5707  108.3372  171.8798  233.6842  312.0941   76.3180  131.9644  180.9450  248.7416  42.7624   69.0770   99.0626  132.1123
12091.90 118.3774  188.1639  250.4832  334.6149  113.6108  185.5971  246.1397  327.4194   84.3820  141.7674  193.3117  264.6365  45.0763   72.9027  102.7987  146.5138
12077.29 121.3074  194.0765  259.9079  350.2766  115.9926  187.3901  254.4908  340.7215   89.5953  148.3526  202.9916  277.8553  49.5201   79.7153  110.8361  153.9067
12062.73 123.3576  200.1593  271.1294  360.8478  122.9751  197.8784  267.3031  358.8988   98.2091  150.2435  214.0803  294.2025  44.9042   83.6697  117.3389  164.4568
12048.19 129.0541  209.0319  280.8293  370.3945  126.7126  205.4569  275.2310  366.3063   97.5574  161.0777  221.9394  307.2346  53.3532   89.3542  121.7425  170.6768
12033.69 129.9703  210.8032  287.4625  385.1336  129.9746  209.2160  282.9871  380.5129  102.5600  167.5707  227.0693  314.0038  54.2214   88.2139  124.3798  178.7448
12019.23 135.7601  216.5014  295.8832  392.4466  130.9638  216.2790  288.3410  386.7619  102.1580  166.3535  232.6368  320.9143  56.7652   91.7926  127.0417  182.5538
12004.80 138.0945  222.5105  297.4017  396.7036  132.2636  218.1012  293.1804  391.7172  100.4390  169.7990  237.8043  324.2742  57.3096   93.7189  130.1142  179.8644
11990.41 140.3369  225.7946  303.3995  406.0793  131.5603  215.8234  295.7302  393.3793  101.4257  169.7002  229.5497  316.5136  51.7874   89.4695  124.7186  176.4570
11976.05 144.5122  227.8870  303.7962  404.9511  134.3019  217.8480  294.2080  392.2565   98.8371  164.8981  228.0092  313.8767  54.8503   87.8171  121.2682  168.6418
11961.72 141.8361  232.0768  309.0724  408.4196  133.0301  217.6094  294.3420  391.2462   96.9314  163.8984  219.6981  304.3214  50.6334   83.9534  114.2132  161.5913
11947.43 140.7313  228.6821  307.5536  405.7077  132.3952  214.3612  284.3166  383.5284   96.6799  153.6096  213.3585  289.5157  46.0887   79.0721  107.7216  148.6521
11933.17 141.5170  226.4732  302.6236  400.8626  130.8431  209.6911  282.6363  376.0121   89.6441  145.0419  203.4021  274.2142  37.6968   71.1073   93.6628  134.2284
11918.95 141.7292  228.5951  302.9695  399.4214  121.3726  204.2854  275.1388  364.8858   84.1234  137.6702  184.4266  254.2576  33.5434   61.5651   81.8639  116.4078
11904.76 137.1320  224.2965  299.0743  392.5217  123.9935  199.5366  268.1028  350.5564   75.4176  122.8269  173.0120  227.5505  29.9260   47.5999   65.6673   97.1075
11890.61 136.0135  223.6508  296.4830  375.8010  121.2737  193.2960  256.4418  332.4684   66.3906  111.0659  151.5938  208.8765  23.5149   39.6736   52.6899   74.2951
11876.48 138.5711  220.1215  292.2405  370.9796  117.1622  184.5724  245.4123  314.0281   59.9081   98.0203  134.3854  180.1554  16.1091   28.0938   37.3841   51.8085
11862.40 138.1762  214.4990  287.8423  359.1720  113.1817  174.3796  234.5122  296.0283   49.6872   86.4110  115.5495  149.0342  10.4937   14.9551   24.4782   28.0928
11848.34 136.1279  210.6633  278.6797  347.8044  105.8183  167.4001  222.8061  274.4203   40.7467   72.3227   93.7012  122.4741  -1.7088    1.2906    2.0974    2.9304
11834.32 133.7406  206.7887  270.3272  338.3430  101.8030  159.1503  206.3392  258.0944   37.3449   54.7979   76.9154   94.0164  -3.2658   -9.7751  -14.4254  -27.7774
11820.33 129.9406  207.0079  264.0231  323.9631   94.3621  152.2575  197.4794  239.3689   27.1726   39.7453   52.4977   64.8856 -13.2991  -26.1350  -31.3548  -51.3908
11806.38 128.9697  200.2688  258.2941  312.9018   91.8333  139.0097  181.6942  218.4337   17.0791   27.0353   31.6240   36.6827 -21.0250  -38.5440  -49.3812  -75.5468
11792.45 124.7235  199.5906  251.1921  303.0163   86.1362  132.5521  172.1677  201.6499    9.7973   13.3858   16.9970   13.3057 -26.3135  -47.5057  -68.7167  -97.6992
11778.56 125.4487  196.1459  245.1443  288.9542   82.4596  124.8447  162.9651  181.0391    0.4685    1.9309   -4.3933  -15.3494 -34.0895  -60.4806  -83.0604 -119.3032
11764.71 123.4650  190.5435  242.3666  282.6817   74.9758  117.9496  150.5402  166.5365   -4.4976  -10.9265  -21.8988  -38.2118 -42.1402  -71.2227  -98.8613 -142.0958
11750.88 117.3773  187.6687  236.9357  271.6563   74.2026  117.1793  144.9673  154.5308   -9.9289  -23.8978  -30.6921  -56.5007 -45.0844  -77.9327 -110.2609 -156.2964
11737.09 119.4340  189.0235  235.1096  267.3117   69.8218  108.8752  135.6746  143.2629  -14.5572  -29.6392  -45.7617  -77.7800 -50.0819  -87.2178 -123.8547 -169.7258
11723.33 118.5712  183.7687  231.4599  262.4585   70.3207  107.7771  131.5848  134.4442  -20.9025  -34.7480  -51.3103  -87.9105 -50.6683  -89.7179 -128.0833 -182.1490
11709.60 118.7337  183.6641  228.4690  259.4739   69.8257  106.6059  125.6707  131.6309  -23.7509  -40.5155  -57.5366  -97.1638 -57.8309  -96.4102 -132.5325 -191.4893
11695.91 121.6161  183.0488  232.1619  260.1925   68.1395  102.0363  124.4608  131.5425  -28.5648  -41.3479  -64.5246 -104.9447 -59.7982 -100.6459 -137.9771 -200.2219
11682.24 120.4552  188.7509  234.2201  262.7591   64.8147  104.5195  129.3101  129.5948  -26.8192  -39.6160  -63.9284 -107.2467 -62.9859  -98.8695 -139.2269 -201.7409
11668.61 124.0931  189.4599  234.9400  269.2163   70.8037  108.5815  130.2289  134.9433  -26.6580  -42.7032  -67.1659 -102.5079 -59.7257  -99.2742 -139.7788 -198.9689
11655.01 125.2352  191.5688  241.3202  272.3065   74.2276  110.4894  136.9865  139.4602  -20.8067  -41.0001  -58.2537  -95.1036 -58.2262  -97.6685 -134.8170 -197.0345
11641.44 131.7218  199.4615  247.7801  285.1476   76.0740  117.9927  141.3074  151.7649  -17.8816  -33.7435  -49.4912  -85.0015 -59.0892  -92.7228 -129.9982 -188.3345
11627.91 128.5131  203.6954  258.3066  297.3142   81.7550  121.0215  154.9515  166.6818  -13.7120  -26.7026  -40.9290  -69.4141 -53.1535  -86.4104 -126.3665 -180.0057
11614.40 134.1776  210.4935  267.5021  312.2360   87.1279  128.7429  164.5653  180.4828   -7.7656  -18.6646  -29.4372  -50.5963 -47.8590  -77.7208 -114.1797 -168.6572
11600.93 139.3796  217.6430  280.9244  325.2531   88.0864  138.5480  176.8613  196.8003   -1.9857   -6.1360  -13.5707  -36.0104 -46.7532  -74.2805 -103.1041 -148.1484
11587.49 142.3272  224.3645  288.0624  341.4860   98.2186  152.9116  190.8976  220.3170    1.8486    6.2251   -0.4704  -11.1719 -39.4930  -65.0785  -93.1693 -130.9513
11574.07 148.2441  236.7334  303.3492  358.0378  101.8839  160.8359  203.4525  241.4018   11.6010   18.5656   17.1180   11.2498 -33.4525  -57.1145  -76.8842 -112.5395
11560.69 155.4266  242.2604  315.6497  377.7421  109.2523  175.8310  220.7488  264.0835   20.4523   29.9738   34.1187   37.5813 -28.8506  -43.5309  -67.0807  -97.6342
11547.34 158.1688  256.3027  325.7405  401.8164  114.2151  182.0591  239.3214  284.9101   24.6014   42.7452   52.8942   65.6016 -23.8315  -36.2043  -51.7578  -79.1528
11534.03 168.0953  264.7124  342.5632  416.6205  126.0644  193.4119  254.1048  310.1132   33.9464   58.1971   74.5628   92.6634 -16.1514  -28.5421  -41.3929  -56.9468
11520.74 168.8576  271.1110  357.8173  437.6005  130.4890  209.6761  273.7462  334.6922   45.1823   68.7256   91.7077  114.8911  -8.2476  -16.4242  -22.8350  -36.7659
11507.48 178.1621  284.5057  370.4763  461.9282  137.1825  221.6135  286.9207  356.3804   49.2831   81.2010  110.1313  139.5854  -4.4712   -8.6425  -15.2117  -18.2108
11494.25 184.5074  293.6486  382.6295  479.4177  146.6352  230.3356  300.4968  376.2951   54.9038   92.0981  121.8544  161.4656  -0.9722    0.0412    1.9472   -3.4683
11481.06 190.0149  299.1047  393.6445  495.0384  151.6502  240.9957  314.0971  400.5048   66.1296  102.2938  140.3229  184.8379   8.5419    6.7751    9.5833   11.5975
11467.89 194.5595  311.3284  408.5974  517.3456  157.7412  249.4276  331.6690  414.8671   70.9127  112.3582  150.2885  199.3247   8.9505   13.1534   19.6980   27.5356
11454.75 199.7150  320.1219  420.6046  530.0091  161.7210  256.9231  337.1754  432.7782   76.4357  125.3697  161.2387  219.4182  12.8427   17.5550   26.9673   38.1894
11441.65 201.4844  326.6361  432.1479  544.3620  168.2237  267.7248  353.0206  444.3165   76.8333  129.1082  172.5783  229.3414  14.3219   24.0809   33.9485   46.1720
11428.57 206.9622  333.5339  439.2652  553.4135  172.3102  273.6990  360.1984  457.1282   82.8880  130.8763  176.4726  238.7439  20.8831   32.0469   39.6767   51.4046
11415.53 212.2410  339.6639  448.2092  565.8160  173.6207  276.3347  366.1064  467.6902   82.5267  135.3055  181.0693  238.7745  18.0005   25.0344   42.2489   54.3586
11402.51 215.9004  341.9460  452.1820  571.7268  173.8593  279.4515  372.1660  468.8098   82.1777  135.4505  182.2038  243.6247  18.6060   28.5823   39.9639   55.5833
11389.52 217.0548  342.2952  450.3611  577.4032  176.7728  280.3784  368.2826  467.5192   82.6859  134.1119  177.6850  237.9616  17.4035   25.7286   40.0581   49.7445
11376.56 216.8782  348.3847  456.0571  576.8138  173.1274  277.1982  368.8173  468.2785   78.4062  132.9440  173.3496  230.3655  13.2906   22.4872   32.6130   46.1928
11363.64 219.6318  349.1393  455.8569  575.1704  172.9400  279.7945  364.1123  467.3526   76.3355  124.2731  163.7643  220.3962  11.4648   19.9198   23.6075   35.1616
11350.74 217.5006  344.7951  451.3890  569.7967  172.3591  274.9504  356.7167  450.3997   72.0781  116.3336  152.4059  203.6064   7.0248   10.3770   14.4358   21.8193
11337.87 215.9409  345.5577  450.0300  564.2362  166.6985  266.7899  349.2649  439.4742   64.6821  106.3217  141.2137  185.4569   2.4863    6.2013    0.9795    5.0881
11325.03 212.3417  337.1425  445.1793  553.7388  166.7617  260.5956  340.7074  423.1416   57.1958   93.6030  128.0697  160.0078  -3.7669   -5.3125  -11.3139  -14.3921
11312.22 212.6490  336.1178  438.1461  543.4279  158.6830  252.5740  329.9172  400.7504   49.6003   78.8486  107.9270  131.5251  -9.7710  -17.0029  -27.3860  -35.0167
11299.44 211.2832  330.0163  431.5811  530.7749  151.2560  243.0161  313.4481  385.9664   39.6472   68.5355   85.9736  109.7238 -17.4459  -26.0967  -39.1319  -57.1673
11286.68 206.5996  323.7054  419.6024  513.7496  145.9660  228.7592  302.1682  361.2214   31.0523   48.1491   67.8542   73.7412 -27.3006  -42.9056  -57.6809  -84.7774
11273.96 202.1739  317.7879  411.6396  497.1981  139.8157  221.7798  285.0285  338.1604   22.1039   35.8449   42.2516   45.5366 -32.6142  -51.2270  -70.0541 -104.3235
11261.26 195.8229  312.5202  398.8266  481.4638  136.5365  209.6371  265.7653  313.7735   15.0389   20.7199   22.5081   16.0992 -39.7642  -62.9267  -90.7031 -130.9864
11248.59 194.1895  301.6842  391.9884  464.2482  126.1166  198.2257  255.7498  291.3863    5.3357    4.4813    4.1350  -14.0495 -43.2838  -77.6207 -105.3162 -156.9035
11235.96 185.9298  294.5371  378.3821  444.8481  122.8929  187.7309  235.7944  265.3538   -3.7380   -9.5642  -17.0483  -44.1167 -55.9627  -91.0520 -125.0077 -178.4121
11223.34 185.2208  289.9755  364.4282  428.4984  115.5994  174.6161  217.2841  246.0694  -13.3930  -20.5586  -39.4282  -73.8076 -60.7652 -100.7362 -141.7502 -197.8752
11210.76 178.6807  277.6898  352.1499  408.3210  107.2635  163.2780  205.9827  223.9668  -22.9782  -36.3812  -58.0123  -97.8032 -65.1351 -111.5131 -155.8892 -220.6101
11198.21 176.3261  269.6031  342.5015  395.3183  100.3698  154.1191  189.3618  202.4945  -27.4184  -49.4047  -77.6220 -124.3286 -71.8139 -120.3851 -166.4549 -239.6067
11185.68 168.7372  263.3265  330.8851  383.9631   98.5790  146.5367  178.0344  180.4276  -35.0926  -60.1449  -92.4941 -144.7763 -75.6196 -127.2681 -181.3067 -256.3818
11173.18 167.0025  260.1322  322.9978  368.5744   90.4107  136.2478  164.7688  162.4816  -42.8234  -69.2638 -106.7988 -163.1941 -81.0349 -133.9416 -187.6780 -271.2016
11160.71 162.6336  247.9327  312.5712  354.3782   87.3306  131.5517  156.0874  150.0964  -46.8620  -76.7472 -113.7641 -183.4797 -83.7868 -142.5283 -195.3483 -279.8083
11148.27 158.5433  245.5243  305.4149  343.3198   86.2861  123.3567  147.0695  142.1464  -50.1166  -86.2262 -124.2746 -190.0400 -87.7329 -144.7645 -203.0004 -294.1028
11135.86 154.3487  240.4274  298.7736  329.7379   81.8995  117.6935  137.9988  128.2086  -53.2003  -87.9199 -131.2711 -198.9676 -88.3434 -150.4006 -209.0067 -298.0544
11123.47 152.1067  234.5606  297.4794  323.0058   80.0178  114.1095  134.4244  122.5403  -50.6369  -92.6319 -133.9933 -204.4390 -86.7847 -151.2026 -210.0866 -298.2988
11111.11 151.2049  228.3046  288.2968  316.3569   75.0759  110.3786  131.0588  119.6259  -55.5543  -92.7627 -134.0386 -206.3995 -93.3996 -148.8022 -209.8072 -298.2856
11098.78 148.7620  229.8458  282.8447  311.1931   76.3612  110.4288  127.9579  115.5145  -55.4873  -94.7469 -132.0684 -203.5981 -87.8546 -146.9898 -211.2805 -296.5708
11086.47 148.9171  224.8182  281.1366  315.3680   71.7507  111.5887  128.0765  117.3471  -51.5319  -91.1832 -131.5763 -200.2920 -86.2986 -146.9037 -202.0014 -291.5695
11074.20 147.0273  226.1035  282.8090  313.1943   75.0385  110.0239  129.2035  118.6750  -48.4531  -84.6951 -124.7037 -192.6197 -85.6032 -141.4710 -199.9352 -282.9162
11061.95 145.1416  224.9396  282.1116  313.5627   75.1020  112.7129  134.6686  128.1008  -49.1731  -80.0410 -119.6700 -179.3445 -82.0817 -137.1881 -191.4119 -276.7102
11049.72 145.2054  226.2423  282.2569  322.3846   77.2943  116.2638  138.8138  132.1652  -44.1026  -73.6509 -110.6226 -166.0828 -81.9156 -130.7276 -185.0571 -260.4243
11037.53 148.3476  230.6177  289.5212  326.3913   80.7452  120.9844  146.9070  144.9708  -37.9446  -63.7676  -96.8778 -154.3712 -74.4408 -124.8867 -173.1303 -247.0100
11025.36 153.1156  230.1490  291.2144  331.5709   82.9381  125.0852  152.0770  159.4642  -35.1679  -59.6208  -83.4320 -133.5571 -73.9671 -118.1236 -166.0020 -233.0944
11013.22 153.4232  236.1331  298.5181  340.1698   87.1760  135.2243  162.5796  171.3839  -27.5173  -47.2486  -71.1525 -113.0399 -62.9202 -109.2795 -152.0049 -215.2506
11001.10 154.8499  238.8812  305.9512  354.1925   92.1461  140.3777  174.6309  190.1352  -19.4384  -37.9791  -59.1129  -97.7548 -59.5093 -101.1132 -142.1938 -199.1608
10989.01 156.3823  245.7280  312.4518  366.3550   93.7849  148.9015  183.9101  203.8329  -14.3355  -27.1771  -46.5329  -76.2766 -53.7528  -92.2047 -131.9092 -184.1182
10976.95 160.5559  252.0364  322.4914  383.0572  102.6401  157.8901  196.6295  220.7292   -8.9808  -14.3793  -27.5279  -53.7696 -51.7269  -82.7576 -114.7286 -166.3653
10964.91 164.7375  258.2036  332.3842  392.3877  105.5190  164.7199  207.9587  236.8243   -2.3191   -6.3309  -16.6064  -33.3892 -44.5250  -74.1313 -103.4211 -151.0608
10952.90 168.0602  264.8870  340.3162  405.7337  109.7652  172.2918  222.6364  252.4656    3.3232    2.3228    0.0678  -14.7057 -41.0174  -67.1650  -91.9317 -135.0560
10940.92 173.7570  270.7940  347.4638  418.4221  116.5197  180.5412  229.1329  271.2748    7.2418   14.5036   11.7458    5.7636 -35.4853  -57.9397  -84.0981 -117.3583
10928.96 178.5039  276.0522  358.7383  434.7372  117.8621  189.3231  242.7708  283.6864   12.4784   22.6166   26.1095   23.3581 -30.5753  -51.5003  -73.9524 -106.8078
10917.03 181.7785  283.4433  366.9225  450.2513  125.9801  198.7040  254.8954  300.4567   22.0368   32.1084   34.0774   38.2558 -24.6141  -47.2099  -65.8305  -93.2146
10905.13 183.1784  292.0644  378.0975  464.0160  128.7400  201.4509  264.3080  316.7082   21.9822   35.8164   47.6372   54.5220 -22.1372  -38.8465  -57.6287  -80.8653
10893.25 190.3899  296.9467  386.7717  471.7780  130.2594  209.7129  270.2686  326.5045   28.9338   43.0654   58.1092   63.3887 -21.4324  -36.4062  -50.6730  -74.1426
10881.39 192.8476  304.2490  394.7375  482.9914  135.4240  215.1053  279.3628  335.6983   29.3616   48.9098   61.7620   74.9281 -16.5673  -32.4535  -47.0151  -63.6597
10869.57 192.9581  310.3665  399.1096  488.6889  140.7776  218.6370  282.9353  345.1642   35.0011   48.8851   66.1816   80.0542 -17.4156  -32.1988  -38.5380  -59.4062
10857.76 197.0566  311.2312  404.5881  499.8971  140.7717  222.7642  289.8860  347.7111   35.1662   53.3066   69.3230   86.6629 -16.4981  -28.8597  -38.9444  -52.1432
10845.99 196.6071  315.0497  408.2382  501.0608  142.6798  223.5479  292.3573  354.1393   33.8971   56.9274   69.4780   87.6208 -17.9518  -28.9679  -39.0350  -56.0943
10834.24 197.7088  316.4543  411.7666  504.9416  143.5198  225.4595  293.1048  355.0177   34.5303   54.2742   68.3152   83.6606 -18.1972  -27.3543  -41.5802  -56.7746
10822.51 199.3169  315.5398  410.5132  506.6040  141.6916  225.2121  293.3644  355.5800   33.1076   51.9946   66.9070   77.9870 -19.5599  -31.3990  -40.7612  -62.1415
10810.81 197.7532  314.1675  408.7137  500.8603  141.5189  224.5392  290.1908  348.9424   31.5994   48.3083   62.4602   74.8070 -18.9773  -29.7113  -43.8922  -61.6487
10799.14 199.2149  315.3180  406.7187  499.3130  138.3976  220.4842  284.9211  344.2875   31.0692   44.5525   55.9639   66.2645 -19.3780  -35.3406  -48.6041  -71.6283
10787.49 194.4164  310.1458  402.0476  492.4607  140.6241  216.8524  277.1102  333.3543   25.1202   39.6986   48.3018   54.9184 -25.7005  -38.3905  -53.2518  -73.9062
10775.86 194.5380  303.1580  394.8424  480.7067  136.0804  211.4823  274.1918  326.1081   22.4541   30.9424   39.3825   42.6458 -27.8205  -43.5474  -58.3003  -85.8315
10764.26 191.0500  302.3006  389.1745  471.1800  128.8003  202.8902  262.3927  310.0598   15.7997   27.6096   34.3048   28.4573 -27.4045  -47.0994  -67.4134  -97.7986
10752.69 187.2927  296.9461  376.6631  461.2959  124.8037  199.2464  252.6332  297.5499   12.5120   18.3056   18.5163   13.1199 -34.1855  -51.7561  -74.5555 -104.7114
10741.14 185.4155  288.3268  371.2324  447.4324  122.4561  189.4642  241.5370  281.9016    7.2856   10.3436   11.1837   -1.7043 -35.7970  -56.6588  -81.3972 -116.2692
10729.61 175.9959  280.3420  355.9117  429.9437  114.7218  181.9708  230.0574  267.8391    2.1500    5.1376   -2.0161  -17.8820 -36.1197  -63.0475  -89.3772 -129.9962
10718.11 171.2009  270.6706  347.2067  417.5137  109.5826  170.1285  218.6322  247.3574   -5.3783   -3.8154  -12.4475  -30.7071 -41.7627  -68.7022  -96.7355 -136.2887
10706.64 165.5512  261.7059  334.0321  397.4005  102.4428  162.7538  203.4995  231.3766   -8.8227  -14.8872  -24.9892  -45.9758 -44.2216  -72.0883 -104.6260 -147.7693
10695.19 159.5136  249.9147  316.3931  378.0091   99.2476  151.8537  190.9017  213.8255  -12.7770  -22.3098  -33.0229  -63.5627 -46.5187  -79.1511 -113.0186 -159.2572
10683.76 156.8367  240.2741  307.1966  362.7017   94.8632  143.4742  181.2210  194.2745  -19.0300  -28.8777  -43.8761  -77.0382 -50.1389  -84.5302 -116.7386 -168.1921
10672.36 148.8734  234.0494  295.6312  342.8939   87.9183  132.0897  166.2828  179.8825  -21.0171  -36.6651  -57.8171  -91.0264 -51.3745  -87.0908 -121.9095 -176.4884
10660.98 142.4772  224.4502  281.2561  327.5142   81.5336  126.5083  154.6989  162.4477  -23.1023  -43.9026  -63.3021 -101.6617 -53.0617  -91.0798 -128.3218 -182.4135
10649.63 136.1490  213.8060  268.4139  312.5061   73.4391  113.8158  142.3178  147.6311  -25.5986  -47.2671  -70.5648 -113.4373 -56.3608  -92.9704 -130.0877 -187.0955
10638.30 128.2165  202.5685  254.6232  294.8286   72.7408  110.1474  132.5259  136.9062  -31.5428  -51.5335  -76.8099 -118.3654 -59.7166  -96.2871 -134.7066 -191.1980
10626.99 126.6087  195.0732  243.3641  278.4060   70.5096  101.7439  122.1443  122.9205  -36.7873  -57.4667  -84.6149 -128.2699 -59.9731  -98.1619 -136.5973 -194.5547
10615.71 119.1613  185.8171  232.5387  264.0529   61.4678   94.1385  115.3834  112.0023  -34.3331  -59.8508  -85.8585 -131.2446 -60.1551 -100.3426 -136.2233 -195.4006
10604.45 115.1571  179.0910  220.8685  251.6934   57.1816   87.2807  106.4153  101.4412  -35.2921  -62.5971  -90.5013 -137.9464 -57.2862  -97.8024 -139.1104 -198.0011
10593.22 112.2583  169.2851  214.0777  242.2062   54.4158   78.9430   96.7779   93.5110  -38.7126  -64.4796  -91.3384 -139.6300 -59.8533 -100.5858 -137.4085 -197.1529
10582.01 106.0959  163.2939  203.6230  225.8222   50.8636   75.9298   90.8462   82.0134  -39.2724  -63.0654  -94.1831 -143.0727 -60.5010  -99.4466 -137.8174 -195.6818
10570.82 100.6727  156.7074  195.8898  216.7148   49.2964   74.6012   83.6137   78.6110  -37.5999  -66.5450  -95.7884 -144.6102 -57.8401  -99.4309 -137.7653 -194.0187
10559.66 102.1709  148.1650  187.5419  208.9866   48.3663   70.8191   81.9269   71.6835  -36.1478  -64.4959  -92.9164 -144.6646 -58.3697  -90.8900 -132.1967 -191.9771
10548.52  94.9562  145.2066  184.2403  200.2732   43.5265   71.1915   76.6703   67.9033  -38.5608  -60.4033  -94.2398 -138.3483 -59.0564  -94.0941 -134.1264 -186.5360
10537.41  90.0517  141.5079  174.1583  193.7067   42.6153   64.2936   74.9264   62.8107  -38.0253  -61.5162  -92.6840 -137.8401 -56.8199  -92.4753 -126.3925 -180.8141
10526.32  87.9668  135.7871  169.8481  186.2312   39.4856   61.8768   71.8160   60.5834  -36.8723  -60.2430  -89.1172 -132.8093 -53.5084  -90.1725 -126.6186 -176.4750
10515.25  85.5562  131.9720  166.0819  181.7911   41.4727   62.9619   69.5436   61.7667  -35.1307  -57.9749  -86.3405 -133.6834 -53.2882  -86.4961 -120.3974 -173.4368
10504.20  81.2668  128.2471  162.5555  176.8562   38.3584   56.5951   68.8985   62.1320  -32.2717  -56.0332  -83.6747 -127.9986 -53.6744  -82.3991 -116.5904 -162.7828
10493.18  83.7764  125.6757  156.4180  177.0719   38.0973   56.6658   66.6380   58.3772  -32.7152  -56.4817  -80.0529 -119.2129 -47.8651  -81.2204 -110.2702 -160.9556
10482.18  78.3208  124.8115  153.6733  171.4457   38.5132   57.8659   67.2354   61.0868  -30.1380  -55.0152  -76.1967 -113.8847 -46.7662  -78.6785 -108.1879 -155.7412
10471.20  79.0759  122.2803  151.3725  169.7662   39.8030   56.4675   68.3172   63.4984  -28.5213  -47.7754  -72.4834 -108.5662 -48.3227  -74.4901 -105.6051 -151.8658
10460.25  77.9481  121.4437  151.6250  169.0115   39.5694   57.7390   69.5137   62.1146  -25.4670  -45.9551  -67.1221 -102.2449 -41.0655  -70.7608  -99.1874 -140.5624
10449.32  76.2024  119.9812  150.0184  167.5764   39.4558   61.4333   68.4623   69.2608  -26.1065  -42.2257  -64.6243  -94.6856 -40.4982  -69.3330  -96.9517 -135.4731
10438.41  77.7622  118.5212  147.7097  170.1913   42.8417   59.1129   70.2910   68.5323  -23.4832  -39.1657  -58.7540  -88.9604 -40.2977  -64.3739  -89.0880 -129.3520
10427.53  77.3785  116.4732  148.8075  169.4575   37.6689   60.4096   72.8836   71.0966  -20.8903  -36.5584  -55.0145  -81.6987 -36.1015  -61.8055  -88.3270 -119.7683
10416.67  78.2892  120.0298  150.8086  169.8264   39.1500   63.5856   75.4223   75.0665  -18.5669  -33.2614  -49.7246  -74.7875 -35.9911  -57.7099  -79.7919 -116.4134
10405.83  74.7801  115.8576  149.6898  171.5768   44.4239   63.7723   79.6356   78.6823  -16.2994  -32.1184  -46.1192  -68.8837 -32.1814  -51.0644  -74.5993 -109.0019
10395.01  77.1025  119.1578  149.0083  175.7659   45.6636   64.2826   82.2895   85.2580  -15.3738  -26.4406  -40.0833  -60.5866 -31.7636  -51.3533  -72.4944 -104.1387
10384.22  75.3149  118.3746  151.4444  176.3204   45.0618   65.5581   82.3554   86.0877  -14.0335  -22.2555  -36.6275  -54.1411 -27.5991  -46.7959  -65.3936  -96.4298
10373.44  73.4323  121.1937  152.4340  179.8685   45.2758   65.4405   84.8213   90.7619  -10.3794  -18.7782  -29.9759  -46.2364 -29.5306  -45.5928  -64.3791  -88.5486
10362.69  78.5832  120.1190  151.4305  177.0693   46.6887   68.7034   87.2168   95.1720   -8.0935  -15.4196  -29.0589  -41.1634 -24.0190  -44.3371  -57.4967  -83.7887
10351.97  76.6543  118.6429  152.6344  181.4812   47.5772   72.2002   91.4365   98.9010   -8.7922  -12.9670  -19.9290  -34.3192 -21.8279  -41.1135  -54.2105  -77.6055
10341.26  77.1561  121.6714  152.5973  182.7783   47.7237   74.4775   90.7054  102.3659   -5.3733  -12.1777  -19.7075  -31.0586 -20.9728  -36.5178  -51.3836  -71.8671
10330.58  76.7706  120.4621  151.1872  181.9683   45.4830   72.6812   91.2426  104.3188   -4.7631   -6.4166  -13.4883  -23.1979 -19.4877  -32.6637  -45.2414  -65.2094
10319.92  77.2229  119.3398  150.6920  184.3760   46.9015   72.1148   95.0223  108.4927   -4.6286   -7.2416  -11.2719  -19.6874 -19.2030  -32.7494  -44.4475  -63.2188
10309.28  76.4414  118.4982  155.5741  183.7950   49.5094   75.9226   95.0352  106.3913   -0.8074   -1.8897   -2.6238  -16.0461 -18.5483  -29.8795  -42.7454  -57.0614
10298.66  73.2501  117.4545  152.5559  182.0813   51.0135   75.2645   95.4766  108.5628    0.0204   -2.3605   -4.0240  -13.3184 -16.2919  -28.2987  -41.2257  -52.6652
10288.07  72.4298  117.9135  149.1241  181.1950   46.8434   76.9449   94.9451  109.7743   -1.3912   -2.8070   -2.0774   -8.7128 -16.1632  -24.7324  -35.7233  -52.3920
10277.49  72.9910  114.1601  151.0954  178.0248   48.5180   74.9856   95.0464  111.0849    1.2001    0.9734   -2.3076   -8.8068 -15.0679  -25.0312  -33.1752  -52.0230
10266.94  73.8726  114.3966  144.3189  176.4731   46.5992   72.1555   93.8002  108.8555    0.6425   -0.3798   -1.0417   -8.9975 -15.6028  -24.6517  -34.3275  -51.8000
10256.41  71.3956  112.9819  143.0067  171.8634   44.9988   68.6175   90.1708  102.6822    1.4086   -1.6516   -0.8095   -7.4769 -13.4503  -24.4319  -33.6491  -49.0001
10245.90  67.4975  107.8431  140.2272  165.5253   44.1051   68.6893   89.1220  102.3544   -1.8592    0.6604   -2.2480   -7.1347 -13.9910  -23.2184  -34.1775  -47.9835
10235.41  67.9699  103.9226  135.7201  162.1243   43.0872   67.1723   85.0378   98.0907   -1.7037   -2.1977   -6.8265   -9.6621 -13.0358  -24.4740  -35.2847  -47.9742
10224.95  63.7561  102.7251  133.0065  156.1212   40.3928   66.1746   80.5611   90.9275   -2.5802   -2.2604   -7.0875  -14.0000 -14.6961  -24.9102  -33.0786  -49.4984
10214.50  63.0194  100.5525  127.1874  148.0958   42.1159   60.5309   77.6337   88.2609    1.0545   -3.3117   -6.3299  -16.7200 -14.8410  -27.2015  -35.9027  -53.2763
10204.08  56.4815   91.4160  120.9927  143.3909   37.4762   54.3881   72.9461   82.7844   -2.1737   -6.7888   -7.0635  -16.9287 -15.4461  -26.7885  -36.8770  -51.7109
10193.68  58.9616   89.9805  115.9164  136.7180   34.6087   54.9916   69.3424   76.9940   -2.6002   -4.5336  -11.0480  -19.6852 -15.3791  -24.8933  -34.9759  -53.3768
10183.30  54.7516   86.4127  113.7327  130.1868   33.0532   52.3456   66.2986   72.1326   -3.7935   -7.4367  -14.1239  -20.8047 -17.1749  -27.6089  -38.8550  -54.6769
10172.94  53.0076   83.1414  105.5147  124.7557   32.9162   47.5178   60.3519   67.2816   -3.5182  -10.3811  -17.3172  -24.4632 -17.3248  -28.7349  -38.3132  -54.8075
10162.60  49.9429   78.2758   97.4822  117.1404   27.2301   46.3950   56.2122   65.6558   -4.5019  -11.0377  -15.8203  -26.8877 -18.7318  -27.9374  -36.7451  -57.2389
10152.28  47.6088   76.0117   93.3603  109.9209   28.0127   43.5251   55.1123   60.7171   -8.8678   -9.0797  -18.0684  -29.9861 -18.8379  -27.4950  -37.7141  -53.0877
10141.99  43.5913   68.3286   87.3633  101.8497   26.4200   40.8119   49.8424   49.8641   -4.3492  -12.2921  -18.8236  -27.8672 -15.7961  -26.3021  -34.3262  -54.1091
10131.71  40.6986   65.8182   81.2053   97.2231   24.0874   36.8819   45.1838   47.1105   -7.7345  -11.9782  -19.9959  -31.2525 -16.6113  -26.3088  -37.1739  -50.9228
10121.46  39.1098   61.0567   75.7578   90.2181   21.9392   34.9888   41.6073   41.8772   -9.5619  -11.0958  -21.5333  -32.5128 -13.9735  -28.9104  -38.1686  -55.7713
10111.22  36.8766   57.4791   74.6994   82.6406   21.0378   29.3023   39.9586   39.0863   -7.3282  -13.6650  -21.7880  -32.9034 -17.1241  -26.0009  -35.5414  -49.6273
10101.01  33.8521   52.8374   68.3990   77.5368   19.4084   29.9167   34.8041   32.9726  -10.2012  -16.5833  -20.8230  -33.7434 -15.1696  -26.0931  -36.7826  -51.0067
10090.82  29.6534   49.4184   65.0255   74.3230   16.4494   26.2852   30.8482   35.0273   -7.0555  -16.2165  -25.3148  -33.7302 -14.7847  -26.7856  -35.6725  -51.7706
10080.65  28.7411   47.0969   59.2805   67.7613   16.4506   23.5006   29.1700   25.4857  -11.3235  -13.4456  -22.6696  -36.0492 -16.8463  -24.7568  -36.0960  -52.0953
10070.49  28.6516   45.8911   53.1435   61.1639   16.1745   21.2097   26.4334   25.9399   -8.5874  -17.6990  -23.1666  -35.5337 -13.6904  -28.9067  -33.5445  -51.2559
10060.36  26.1924   38.9673   53.7683   56.9185   13.2503   20.4331   22.4515   21.7157  -10.9351  -15.1725  -20.6604  -36.3728 -14.6490  -25.8794  -34.1238  -49.9106
10050.25  25.3445   38.2426   45.7672   50.6195   14.0828   17.3663   17.3644   18.6416   -6.8353  -16.7963  -22.7819  -34.5825 -14.3198  -25.5283  -34.7684  -46.6296
10040.16  20.2528   32.8491   42.6201   49.6692    9.4790   15.4988   18.4553   16.1332   -9.2006  -16.6957  -20.1850  -35.7838 -15.7434  -25.4550  -29.2997  -46.4972
10030.09  20.6651   32.7776   41.4729   45.1611    9.4732   14.6737   16.6674   10.7454   -7.9622  -17.7418  -27.3565  -33.0125 -12.7062  -23.6028  -30.8630  -42.8239
10020.04  23.1716   32.3642   36.5102   42.0162    5.1342   12.2670   15.0486   11.2278   -8.6590  -14.9754  -21.5144  -33.7912 -13.9641  -21.0189  -33.3000  -45.0962
10010.01  20.9451   33.8008   37.2811   40.6551    7.6159   13.1502   14.5265    9.4707  -10.3153  -15.7173  -23.0050  -33.7636 -10.7683  -21.3553  -26.9454  -43.4605
10000.00  17.6367   28.6159   34.1572   35.6943    4.9623   10.8063   14.4744    7.9209  -10.0982  -14.1184  -21.4770  -30.3720  -9.5692  -23.6623  -26.5377  -40.9302
 9990.01  18.0575   25.3396   29.0038   33.6088    5.7517    8.4926   10.1182    8.2087   -9.2579  -19.1186  -23.5474  -34.6217 -14.1623  -20.6080  -27.5996  -38.2564
 9980.04  15.3567   19.5907   26.4738   32.4558    3.4422   10.1000    7.6395    5.1249   -6.9028  -17.1613  -20.3757  -29.4574 -10.0799  -20.3674  -27.4413  -38.1449
 9970.09  11.2918   20.9169   25.0287   28.2779    3.0276    4.9261    6.0720    7.0833   -8.8135  -13.3963  -20.7138  -28.2000  -9.5143  -18.9771  -25.8617  -34.7989
 9960.16   8.1545   22.1874   23.5883   24.5792    7.8749    6.7118    4.4909    2.1724   -8.1479  -14.5417  -23.6178  -31.5727 -12.5666  -20.3956  -25.6902  -37.7923
 9950.25   7.4381   18.0831   22.0011   27.4836    2.9121    6.3599    4.0418    1.3663   -9.2332  -14.3044  -20.6133  -27.3547 -12.5087  -18.4793  -24.4325  -32.0616
 9940.36  12.0289   16.4425   19.1121   21.5177    4.0186    8.0007    9.5581   -0.4381   -7.4689  -11.9254  -20.4060  -26.4676 -12.7316  -19.1528  -20.1846  -31.8611
 9930.49  10.4730   17.0714   18.4485   17.5938    3.6625    3.0289    4.6987    4.8772   -8.2822  -13.1508  -16.9474  -29.2056  -8.9653  -19.9579  -23.5840  -32.2004
 9920.63   7.6528   15.7292   18.4964   23.6127    3.0767    5.1322    3.1151    1.3083   -7.7378  -13.7145  -17.4295  -25.7399  -8.7466  -11.1534  -21.6759  -29.4468
 9910.80   8.3783   16.4516   17.9586   20.1976    2.3136    8.9484    3.3828    1.4202   -8.2679  -15.6457  -19.0740  -25.6792 -11.9354  -14.8889  -21.7959  -28.4095
 9900.99   9.8255   12.7007   18.9746   20.9212    4.7620    2.5422   -0.8694   -0.5251   -3.8778  -13.7477  -15.8194  -24.7118  -8.0207  -14.5918  -17.1026  -28.2908
 9891.20   8.0356   16.2217   17.2940   16.9014    2.8924    3.9069    1.5981   -0.3205   -6.5744  -10.7578  -18.3617  -21.9697  -9.1501  -14.4795  -19.6170  -27.1423
 9881.42   8.4999   15.8822   16.6552   12.5564    2.2279    8.8414    4.4710   -2.0683   -8.6485   -6.9597  -15.1143  -22.5875  -8.7963  -12.7450  -13.8473  -25.6125
 9871.67   8.4614   15.0549   11.5511   17.1548    2.6916    2.8990    3.6125   -2.6099   -8.5642   -9.6835  -16.7039  -17.7306  -5.7071  -11.9729  -18.4733  -25.7782
 9861.93   7.1547   10.5572   17.1301   12.0820    1.4654    0.0487    2.8923    2.2675   -8.4490   -9.1578  -16.3053  -18.3126  -7.2763   -8.4548  -15.4299  -21.3576
 9852.22   6.3579    7.8410   12.6052   13.6541    1.1671    1.5386   -0.0156   -1.2399   -6.5494   -9.1701  -14.4771  -17.9275  -4.4123   -9.9291  -14.6339  -21.1405
 9842.52   3.9292   10.8112   12.8190   13.2314    1.6202    1.0339    1.0697   -4.2888   -4.7694  -10.7546  -13.8909  -20.4478  -8.8088   -9.6377  -13.2387  -26.1060
 9832.84   7.3784   11.6341   12.8480   12.3693    3.9185    4.7873    2.4883    0.5962   -0.6974   -8.9051  -13.7414  -20.8437  -7.3065  -10.4461  -16.6067  -21.2017
 9823.18   5.1268    7.5120   14.0969    7.8409    1.3794    1.0795   -1.9498   -1.4942   -0.4937   -7.7523  -13.7860  -16.2345  -8.2963   -7.4971  -14.3720  -17.2562
 9813.54   5.0228    1.7725   16.3550    7.6442   -2.9386   -0.5464    0.9428   -0.0993   -4.7393   -8.0793  -12.7537  -17.2880  -6.5368   -7.0160  -12.3088  -16.7026
 9803.92   3.7410    7.4178    8.7615    8.6603    0.3453   -4.6482    5.3148    1.8426   -7.0907   -7.1008  -11.1265  -17.8769  -8.6005  -10.2881  -21.3340  -16.9122
 9794.32   1.1446   13.9517    3.9034    7.8141    1.6581    1.5471    2.9626   -2.1619   -2.9719   -5.1397  -11.7541  -13.6378 -11.1160  -11.2335  -10.8320  -17.7251
 9784.74   7.0294    3.5650    4.2719    8.9705   -0.5643   -1.7501    0.4336    1.2674   -5.3675   -6.6552  -10.0136  -14.0125  -7.7291   -8.1459  -12.3376  -19.9720
 9775.17   8.0923    0.2500    3.9633    3.9303    0.6775    3.0983    4.4769   -2.6732   -4.1572   -7.0453   -6.6410  -11.5070  -3.9436   -4.5282  -10.2514  -14.5807
 9765.62   4.2638    4.7745    3.8687    8.7662    2.7066    2.3046    0.8954   -0.7544   -3.2441   -6.4545   -7.6075  -14.0768  -8.0602   -6.7743   -9.8708  -17.3525
 9756.10   5.1744    6.4394    6.9889    5.9745   -1.4723    4.6606    0.9920   -1.5921   -2.5103   -6.9192  -10.7669   -7.5764  -4.3242   -5.0048  -12.5053  -10.4653
 9746.59   3.0445    5.1153    5.8522    9.3259    0.3644   -0.4234    1.5364   -1.9175   -4.0637   -6.5693   -5.3019   -9.9688  -9.6781   -8.6428   -8.4085   -9.8459
 9737.10   2.8567    0.0662    7.6646    5.7054   -2.2746   -1.0685    4.5323   -2.7689   -1.6730   -8.0332   -8.3387   -8.0207   0.3118   -6.1619  -14.0285   -7.3064
 9727.63   3.3216    5.3626    4.0738    4.6132   -1.1105    5.5831    0.7106    0.6578   -3.7829   -2.4022   -2.9034   -8.3821  -1.2510   -3.8354   -6.4985  -12.9991
 9718.17   5.5184    4.5560    2.8866    1.7411    1.4317    4.9405    3.8040    3.2419   -1.9065   -3.3459   -8.2312   -9.5165  -6.6512   -7.8198   -5.3331  -16.4409
 9708.74   5.8163    7.1404    9.4990    8.7355    3.0795    1.1072    1.3302   -1.0934   -5.4373   -4.2289   -1.7646   -5.4544  -4.6721   -5.0681   -7.9899   -6.4900
 9699.32  -3.3979    7.5305    4.1012    6.4592    0.8495    3.0504    1.9423    0.7588   -1.9071   -0.0987   -1.4816   -5.5891  -3.9942   -1.6114   -9.7685   -5.9307
 9689.92   0.8770    8.9970    6.3673    5.4535   -2.3065   -1.9235    1.2045    1.7391   -0.8846   -4.0234   -0.4039   -5.5474   3.7134   -2.5289   -3.5492   -3.7003
 9680.54  -2.4033    0.5514    6.0967    8.6558    4.9510   -1.5031    0.2564    5.6139   -4.5216   -4.2889   -0.4850    1.0880  -0.5954   -1.2144   -0.4309   -6.3594
 9671.18   2.1450    3.4634    3.4314    7.3403    1.9263    1.7997    2.8652   -1.0355    1.7664    1.4822   -2.3271    0.8501  -2.3956    0.7395    0.2252   -0.8729
 9661.84  10.4955    6.2205    3.0422    5.8562    6.1035    0.5426   -1.2523    5.8380    3.9668   -2.3313   -1.5759    1.0505  -3.1636   -1.1793   -1.1381   -1.4611
 9652.51  -1.1944    0.4400    4.5480    3.0015   -5.3361   -4.5580    1.6866    6.9261    4.9851    3.1473   -0.7245    0.1784   0.9270    0.1999    0.7008    3.0903
 9643.20  -0.2111    2.5809    3.5838    2.7602    3.3788    4.0128    1.0317    6.4551   -2.4682    1.7762    5.0403    6.1505   3.1271   -3.4230   -2.4331   11.3630
 9633.91   1.9201    6.3479    3.4645   -0.3803   -2.7189    3.5477    1.3358    4.6922   -2.1075    3.0873    3.8580    5.5060  -5.1833    8.9315    0.5035    6.5730
 9624.64   2.3501    9.2928   -0.3853    5.7413    2.2112    2.9699    2.7454    9.9768    4.8308    1.7856    6.9386    7.1232   0.5929   -0.8092    1.4294    5.6926
 9615.38  -1.1783    0.9673   10.3068    6.9474    2.2028    6.3309    1.7428    8.2514    7.8692    7.3737    2.5807    7.2535  -0.3744   -1.8925    1.8443    8.0552
 9606.15  -0.4663   -3.1416    3.2131    5.6225    3.0801    0.4113   -0.0447    6.3321    4.4815    5.5582    5.7888    5.7842  -3.1116    5.3014   12.2911    6.3745
 9596.93   3.8604    2.0955   -2.1356    1.3712   -2.0039    2.5197    5.0982    3.3216    0.4981    3.9642    8.5946    5.3573   0.2051   -2.0629    5.2700   -2.2662
 9587.73  -4.8862    2.1904   -4.4174    3.1263    7.6762    4.3076    4.5602   -0.2216   -0.5944   -1.3332    1.1805   11.7977  -0.8768    6.0342   -0.9021    5.3576
 9578.54   0.1840   -1.5517   -2.3123    7.6876   -0.1830   -2.1033    5.0790    1.4234   -0.1272    7.4359    3.9944    6.0701  -3.5627   -3.8226   -4.0194    1.1806
 9569.38   1.5747   -3.0102   -0.8857    2.1785   -1.3211    5.1702    3.4023    3.1657   -0.2350    3.4491   -2.5000   -0.3027   1.4017   -1.2824   -4.0156   -1.4817
 9560.23   1.8424   -4.5393    3.6135    0.4301   -2.6869   -5.1986    5.1772   -4.8835   -2.1392    3.6085    2.2080    4.4894   4.2087   -5.9837   -6.1483    3.5517
 9551.10   1.9705    0.6522    1.7565    5.2094    1.8580   -0.7854    3.9178    3.9930    7.6131    1.7649   -8.5474   -0.8315  -0.7590   -4.3217   -1.1308   -5.0419
 9541.98   0.5166   -3.4818   -1.9834    1.1178   -0.4353   -1.3361    3.7395    3.5151   -2.1333   -1.4585    1.6177   -9.0566   1.7274   -0.8567   -7.1872   -2.1533
 9532.89   0.6355   -1.0668    0.7819   -0.7486   -0.3412    3.3127    4.3370   -2.0545    0.3424    6.7908    2.3385   -4.5105  -2.9729   -4.9844   -3.1995   -5.9647
 9523.81   0.0334    3.6735    0.7591   -3.7733    1.9095   -1.0410   -3.6141    1.0187   -1.6339   -6.8953    2.1735   -2.6547   7.7841    2.5532   -2.1485    1.6300
 9514.75   4.0904    7.5712   -6.4131   -0.1773   -3.2273   -0.8243    2.3802   -0.4200   -5.0420   -0.5093   -3.2953   -1.8833   2.8144    1.1746   -2.2701   -6.9570
 9505.70  -0.2800    4.6621    2.4604   -3.5506   -2.1028    0.3896   -1.0294   -2.5045    0.3577   -3.8898   -2.9274   -6.0193  -1.5799   -8.0214   -0.7793   -7.6100
 9496.68  -4.2961   10.6280    4.9976    0.7631    0.9604   -0.6817    2.8698    0.9889   -1.9142   -1.5324   -0.0924   -0.8205  -5.3615   -0.0710   -2.8795   -1.1208
 9487.67   0.1889   -2.4938   -1.3544   -1.0013   -2.3457    0.9418   -5.4783   -6.1142  -11.2239   -4.7395   -5.1795   -2.2970  -5.1661   -1.0571    1.8978   -8.4297
 9478.67   1.1684   -3.3381    0.2602   -0.6077    0.5950    3.9825    2.1229   -2.3818   -2.1967    3.8427   -1.5760   -5.5150  -4.5773   -1.4122   -4.0143   -5.9742
 9469.70  -2.3765   -3.1441   -6.2260    1.7577    4.6983   -5.0363    4.2925   -6.5899   -0.7576   -2.4909   -4.4104   -3.8336  -6.1396   -3.4372   -0.5713   -7.6252
 9460.74   1.6203    8.2202   -2.0088    8.6045   -8.0818    2.7333    5.8864   -9.1024   -5.4714    3.7167   -1.0867   -3.1171  -3.2419   -8.0945   -6.1700   -3.0305
 9451.80   1.4852   -9.2076   -0.0977   -1.9784   -0.4855    3.0940   -2.3537   -0.6953   -3.5865   -3.3974   -4.0607  -10.2120   0.0911   -4.5468   -3.7839  -10.3663
 9442.87   4.4223   -0.4429   -6.3632   -0.5654   -0.1201    3.0287   -3.8029    1.1105    1.0267   -2.3370   -5.7557   -1.2477  -7.1495    2.0347    0.7750   -9.6624
 9433.96  -7.1457    1.6491    6.6598   -0.0029    2.3960   -5.3842   -7.4403   -3.6786   -5.8924   -1.1101   -3.0415   -5.6669  -5.2857    0.4363   -0.3608   -6.0391
 9425.07   0.2888   -2.9487   -2.1202  -11.6441   -5.2527    9.3406    0.3163    2.0727   -0.7545   -0.0497   -0.6068   -8.5963   2.3544   -0.1903   -3.9409   -2.4246
 9416.20   2.3808    0.9551   -5.9389   -4.0130   -6.6474   -3.9915   -5.2211   -2.8419    3.7963    1.5762   -2.9430    2.7579  -7.6252   -1.1910   -1.5053   -2.0884
 9407.34  -4.6973   -2.4766    3.2464    1.7912   -0.5323    0.9715   -7.2696   -5.8524   -4.2897    4.2476    1.0381   -4.1218   2.9704    3.9821  -13.7718   -2.6402
 9398.50  -6.1650   -4.4627   -5.5352   -2.3004    2.8369    5.7134   -0.5010   -9.2752    0.8919   -4.4303    2.6739   -9.0696  -3.8254    4.6584   -1.4193    1.2540
 9389.67  -0.4904    0.0922    4.6719   -6.8261   -2.0565   -7.7700   -4.3208    7.5714   -5.9923   -5.1694   -3.1178   -4.9404  -1.0932    3.4523   -3.3226   -1.9505
 9380.86  -5.2855    0.1830   -2.5175   -2.0495    3.5477   -4.7553   -2.7335  -11.1215   -0.5231   10.0554    2.7486   -2.0487  -4.0998   -7.1371   -3.9354   -6.7547
 9372.07  -1.0587    0.4171    2.2832   -2.2287   -2.7284    2.0825    0.9697   -6.3284   -0.6588   -1.2016   -1.2023   -2.8799  -6.9892   -5.1112   -5.1664    4.0067
 9363.30  -4.3739    1.5835    2.4371   -3.7196   -5.0294   -9.0312    7.0492   -7.5593   -0.5271    1.8598   -6.7324   -5.9790  -6.9895   -4.7078   -4.5606    3.2324
 9354.54   1.8466    4.5447    7.9204   -3.7978   -0.3782   -1.6297   -3.2623   -4.1165    3.2401    1.1895   -1.6919   -7.3487  -0.7488   -1.5921    2.4052   -3.9087
 9345.79  -9.8453   -0.5481   -5.2324   -1.3911    6.7431   -2.9613   -5.7407   -2.5568    2.9890    5.4359   -7.8449   -8.8963  -3.9207    1.7176   -3.3486  -12.9328
 9337.07  -0.6794   -5.7940    1.4502   -4.6353   -6.1245    4.0597   -4.6802   -5.6573   -4.5355   -2.4493   -4.4771    1.8573  -1.8524   -2.5951    4.0965    2.1986
 9328.36   5.4154   -2.7670    4.2380    1.1626    1.2371    5.1255   -9.1295    3.4674   -5.4280   -6.3470    1.0714   -4.6510  -0.3887    2.6947    2.3564   -4.0599
 9319.66  -6.7397    0.4253   -4.6418    2.9986   -7.2889    4.7982   -4.1899   -0.3477   -5.6151  -10.4509  -10.2953   -5.8479  14.2962   -5.3693   -6.9527   -8.2012
 9310.99  -3.4104    1.0315   -8.1305   -9.5811   -5.3389  -15.5471   -1.2721  -14.3531    7.0780  -10.6597   -4.1117   17.3244  -7.9264   -4.7843   -0.0452   -1.2916
 9302.33  -5.1905    1.7391    2.1695   -3.9449  -10.5194   -1.8449   -1.5492   -3.8903    3.2540   -3.9414   -5.9308    8.0221  -6.4718   -7.2396   -2.1265    0.1174
 9293.68   2.9497   -1.8596   -5.8818   -0.8984    0.3146    1.9823    4.0048   -2.0884   -3.3453    5.2374   -0.4822   -9.9370   4.5102   -2.5331    4.7759    3.9693
 9285.05  -3.1510   -3.5487   -0.3214   -7.4892    5.1316   -5.0062    1.7325   -0.6022    1.0328   -9.5021   -0.2855   -2.7051   1.5750   -0.5541    6.4596  -10.3765
 9276.44  -5.1472    3.9434   -4.9230  -10.1596  -10.4690    3.5649   -3.0085    0.5050   -6.1700    4.2557   -9.5012    0.7936  -0.8557   -4.9188   -5.0093   -7.9723
 9267.84 -12.0572   -3.0201   -7.4677   -5.7257   -8.2745   -2.7102    0.7772   -1.5887   -4.5453   -9.9396   -3.9614   -6.6822  -0.9999    0.0057    2.3117   -5.4748
 9259.26  -3.1794   -1.7136   -4.3911   -6.9569   -0.2119   -3.3096   -4.5137   -9.3955   -8.6434    6.3553   -6.2334    3.9099   2.3593    7.3952    7.6161   -6.8304
 9250.69   1.8087    0.1937   -3.5873   -5.0204    6.3910    3.9792   -2.7672   -6.1443   -5.9039    0.7251   -1.7530    5.2476  -2.4377   -3.7910    1.7735   -2.2433
 9242.14  -4.6917   -8.9886   -4.8030   -5.5753   10.0774   -3.9377   -1.6435   -7.8070   -3.6295   -3.4434   -6.6118   -2.3500  -1.5239    3.8735   14.4502  -10.2414
 9233.61 -13.3018   -0.4942    3.4028    2.5263   -1.6727    2.0191    1.0753  -11.5514   -1.8383   -5.4795    3.8360   -7.8318   6.7022   -0.6856    1.6692  -13.4691
 9225.09   2.5578    7.2958    7.0940   -9.1321   -8.4507    9.5547    8.2196  -11.5210   -0.1398   -1.3297    1.8746   -7.6349  -4.0760   -3.7764    6.9246   -1.0963
 9216.59  -5.4196    1.7447   -0.5566    3.6126    2.9155   -4.7557   -1.6275   -2.3592    2.7556   13.8223   -8.6674   -8.7973   3.2403    1.5314   -7.7590    0.8361
 9208.10   5.4101   -7.1193   -0.7177   -8.6341    4.7979   -3.1768   -2.0545  -10.9167   -0.0241    4.2685    1.7836    2.3638   1.1128   -5.6029   -2.2803    8.2222
 9199.63  -0.6532    0.7276   -5.9382   -5.2422    2.3674    1.0162   -1.2103   -6.2312   -2.9998    2.8806  -11.0182    5.0684  -9.3620   -2.3498   -2.1036  -14.2176
 9191.18  -4.7365    4.6553    1.2529    1.3234   -0.5111   -5.7015   -4.2195   -9.7736   -1.3123    2.1469    2.5213   -9.5735   0.3337    9.7298    5.6584   -5.2619
 9182.74   8.8783   -2.9254    0.8319   -3.0804    4.7443   -7.8769   -5.2385    0.7061    5.5891    2.1672  -15.5510   15.0813  -1.5324    7.9910   -1.6725   -0.5780
 9174.31   0.3842   -3.3895   -6.3871  -12.5021   -2.1927   -7.8693   -6.7503   -0.5530   -0.5425   -8.0673    0.9015   -4.8403   4.3580   -0.9046    5.0485    1.4661
 9165.90   0.8954   14.6705  -10.5923   -2.8596   -2.7805    2.5802   -0.8004   -2.3439    7.6941    6.1937   -3.7732   -7.4135  -2.3605   12.1401   -2.2261   -0.9274
 9157.51   6.5398    8.2462   -4.3008   -6.1560   -1.4009  -12.7355   -3.6104   -0.8340   -0.6371    1.6174   -2.6226   -6.4458   1.9482    4.5530    1.8548   -2.7839
 9149.13  -1.2761    3.2180    0.2016   -0.5057    1.9170    9.0594    2.5629   -3.6491    1.0737   -4.2366   -2.1676   -6.8358   3.2067    3.6138   10.6902    4.3576
 9140.77   2.4295   -9.6640    4.2196   -9.4262   -1.5142   -4.3707   -2.0245   -7.6455    8.8931   -6.5881   10.0989   -8.4609   2.5412  -10.0147   -5.5559   -7.7313
 9132.42  -5.6383   -3.4820  -11.7769   -1.9348    0.9148   -5.8281    3.0805   -7.5417   -6.7344   -3.7575   -1.4339    9.3662  -4.3264    3.5977   -1.9761   -5.1389
 9124.09   4.2648    4.7152    2.4911   -1.8525  -19.0132   -3.6896   10.1754   -5.8337    0.9747   -3.7029   -3.4870   -2.7421   1.7608  -11.3168   -0.5208   -5.6158
 9115.77  -7.9145    2.8168    7.7937  -12.9356    0.1126    6.1457   -6.1437   -7.2532  -10.7412   -5.6623   -2.9092   -0.8385 -10.0125   -0.6519   -1.1085    3.5471
 9107.47 -11.7313   -1.7233   -2.7683   -8.8898    0.1245   -3.3790   -5.5740    2.3499   -6.1178   -3.7938   -6.0412  -16.2784   0.0707   -3.8982   -3.0694    2.0072
 9099.18 -19.5545   -2.7434   -0.5798    2.1813   -1.8457   -1.9698   -4.7711   -6.4139   -0.8823    0.5020   -5.9073  -10.2410  -6.0633    6.1561   -2.1060    0.9635
 9090.91  -4.8156   -4.0025    5.0341    1.6204  -15.1441   -3.3346   14.3099   -3.3484   -7.2740    9.7192   -5.4869   -3.6004   7.1982    5.7349   -0.1577    0.9250